"採購編號","日期","商品編號","種類","商品名稱","規格","單位","廠商編號","廠商名稱","聯絡人","商品價格"
"GC73626-PS005","2026/03/19","GC73626","面料","輕柔素雅貓抓布 736系列","73626","碼","PS005","綠都傢飾有限公司","楊子毅","380"
"GC52307-PS005","2026/03/12","GC52307","面料","貓抓布-523系列","52307","碼","PS005","綠都傢飾有限公司","楊子毅","380"
"GC73931-PS005","2026/03/12","GC73931","面料","739系列 貓不愛抓貓抓布","73931","碼","PS005","綠都傢飾有限公司","楊子毅","380"
"GC73606-PS005","2026/03/12","GC73606","面料","輕柔素雅貓抓布 736系列","73606","碼","PS005","綠都傢飾有限公司","楊子毅","380"
"VANB1118-0H4.5-PS010","2026/02/05","VANB1118-0H4.5","椅腳","B1118-0 L型黑平光腳 H-4.5cm","4.5cm","只","PS010","凡加利企業有限公司","陳國華","54"
"SC3853-PS009","2026/02/05","SC3853","面料","南亞呼吸皮 38系列","3853 淺灰色","碼","PS009","清豐實業有限公司","","240"
"SC3863-PS009","2026/02/05","SC3863","面料","南亞呼吸皮 38系列","3863 鼠灰色","碼","PS009","清豐實業有限公司","","240"
"SC53388-PS009","2026/02/05","SC53388","面料","533系列 北歐雲朵貓抓布","533-88 霜楓橘","碼","PS009","清豐實業有限公司","","320"
"ABU1016-07-PS006","2026/02/05","ABU1016-07","面料","1016-07","1016-07","碼","PS006","阿布實業有限公司","曾根倚(阿賢)","345"
"3200A27-PS004","2026/02/04","3200A27","面料","3200A27","3200A27","碼","PS004","翰銓國際總代理","盧建良","1280"
"VAN-B1118-0 H4.5-PS010","2026/01/22","VAN-B1118-0 H4.5","椅腳","B1118-0 L型黑平光腳 H4.5cm","4.5cm","只","PS010","凡加利企業有限公司","陳國華","103"
"VAN-B1501-PS010","2026/01/22","VAN-B1501","椅腳","B1501 L型黑砂腳 H12.5cm","12.5cm","只","PS010","凡加利企業有限公司","陳國華","324"
"GC52226-PS005","2026/01/22","GC52226","面料","輕柔雲彩貓抓布-522系列","52226","碼","PS005","綠都傢飾有限公司","楊子毅","380"
"ABU1022-05-PS006","2026/01/22","ABU1022-05","面料","ABU1022-05","1022-05","碼","PS006","阿布實業有限公司","曾根倚(阿賢)","360"
"FG002512-03-PS003","2026/01/19","FG002512-03","面料","FG002512 Colourwash","03-Fresco","碼","PS003","安得利設計藝術股份有限公司","簡國盛","720"
"SC5758-PS009","2026/01/15","SC5758","面料","57系列 貓抓守衛皮","5758 超夢紫","碼","PS009","清豐實業有限公司","","210"
"ABU100009-PS006","2026/01/15","ABU100009","面料","ABU 1000系列 透氣貓抓布","100009","碼","PS006","阿布實業有限公司","曾根倚(阿賢)","350"
"ABU100006-PS006","2026/01/15","ABU100006","面料","ABU 1000系列 透氣貓抓布","100006","碼","PS006","阿布實業有限公司","曾根倚(阿賢)","350"
"SC59874-PS009","2026/01/05","SC59874","面料","598系列 北歐雪花貓抓布","598-74 雪落灰","碼","PS009","清豐實業有限公司","","320"
"SC5759-PS009","2026/01/02","SC5759","面料","57系列 貓抓守衛皮","5759 水母藍","碼","PS009","清豐實業有限公司","","210"
"GC74036-PS005","2026/01/02","GC74036","面料","740系列 貓不愛抓貓抓布","74036","碼","PS005","綠都傢飾有限公司","楊子毅","380"
"GC74021-PS005","2026/01/02","GC74021","面料","740系列 貓不愛抓貓抓布","74021","碼","PS005","綠都傢飾有限公司","楊子毅","380"
"ABU85574-PS006","2025/12/26","ABU85574","面料","855銀離子抗菌系列","85574","碼","PS006","阿布實業有限公司","曾根倚(阿賢)","350"
"ABU100013-PS006","2025/12/26","ABU100013","面料","ABU 1000系列 透氣貓抓布","100013","碼","PS006","阿布實業有限公司","曾根倚(阿賢)","350"
"ABU1050A-270-PS006","2025/12/26","ABU1050A-270","面料","ABU 1050A系列 OTE貓抓布","1050A-270","碼","PS006","阿布實業有限公司","曾根倚(阿賢)","350"
"FG60213-29-PS003","2025/12/22","FG60213-29","面料","FG60213 HEARTLAND","29-Teal","碼","PS003","安得利設計藝術股份有限公司","簡國盛","585"
"ABU1031A-018-PS006","2025/12/10","ABU1031A-018","面料","ABU1031A系列","1031A-018","碼","PS006","阿布實業有限公司","曾根倚(阿賢)","300"
"ABU1050A-220-PS006","2025/12/10","ABU1050A-220","面料","ABU 1050A系列 OTE貓抓布","1050A-220","碼","PS006","阿布實業有限公司","曾根倚(阿賢)","350"
"ABU1050A-170-PS006","2025/12/10","ABU1050A-170","面料","ABU 1050A系列 OTE貓抓布","1050A-170","碼","PS006","阿布實業有限公司","曾根倚(阿賢)","350"
"GC32205-PS005","2025/12/04","GC32205","面料","322系列 Tensilux 輕透柔韌貓抓布","32205","碼","PS005","綠都傢飾有限公司","楊子毅","380"
"GC51119-PS005","2025/12/04","GC51119","面料","511抗菌貓抓布","51119","碼","PS005","綠都傢飾有限公司","楊子毅","380"
"GC51110-PS005","2025/12/04","GC51110","面料","511抗菌貓抓布","51110","碼","PS005","綠都傢飾有限公司","楊子毅","380"
"ABU1050A-110-PS006","2025/11/07","ABU1050A-110","面料","ABU 1050A系列 OTE貓抓布","1050A-110","碼","PS006","阿布實業有限公司","曾根倚(阿賢)","350"
"SC3690-PS009","2025/11/06","SC3690","面料","南亞寵物科技皮2","3690 竹青綠","碼","PS009","清豐實業有限公司","","210"
"VANB1502-1H13-PS010","2025/11/03","VANB1502-1H13","椅腳","B1502-1 鍍金三叉腳H13","13cm","只","PS010","凡加利企業有限公司","陳國華","47"
"SC5767-PS009","2025/10/31","SC5767","面料","57系列 貓抓守衛皮","5767 雪鴞灰","碼","PS009","清豐實業有限公司","","210"
"GC33301-PS005","2025/10/31","GC33301","面料","冰峰涼感布II 333系列","333-1","碼","PS005","綠都傢飾有限公司","楊子毅","342"
"ABU100004-PS006","2025/10/31","ABU100004","面料","ABU 1000系列 透氣貓抓布","100004","碼","PS006","阿布實業有限公司","曾根倚(阿賢)","350"
"ABU1016-67-PS006","2025/10/21","ABU1016-67","面料","1016-67","1016-67","碼","PS006","阿布實業有限公司","曾根倚(阿賢)","345"
"FG60213-03-PS003","2025/10/20","FG60213-03","面料","FG60213 HEARTLAND","03-Zinc","碼","PS003","安得利設計藝術股份有限公司","簡國盛","585"
"FG60213-13-PS003","2025/10/20","FG60213-13","面料","FG60213 HEARTLAND","13-Raffia","碼","PS003","安得利設計藝術股份有限公司","簡國盛","585"
"ABU100005-PS006","2025/10/13","ABU100005","面料","ABU 1000系列 透氣貓抓布","100005","碼","PS006","阿布實業有限公司","曾根倚(阿賢)","350"
"ABU85568-PS006","2025/10/13","ABU85568","面料","855銀離子抗菌系列","85568","碼","PS006","阿布實業有限公司","曾根倚(阿賢)","350"
"SC52861-PS009","2025/10/09","SC52861","面料","528系列 冰絲涼感布","528-61 雪見白","碼","PS009","清豐實業有限公司","","320"
"SC51769-PS009","2025/10/09","SC51769","面料","517系列 台灣精品涼感布","517-69 府城古堡灰","碼","PS009","清豐實業有限公司","","225"
"SC5763-PS009","2025/09/25","SC5763","面料","57系列 貓抓守衛皮","5763 藍寶石孔雀","碼","PS009","清豐實業有限公司","","210"
"GC52209-PS005","2025/09/03","GC52209","面料","輕柔雲彩貓抓布-522系列","52209","碼","PS005","綠都傢飾有限公司","楊子毅","380"
"ABU10001-PS006","2025/08/27","ABU10001","面料","ABU 1000系列 透氣貓抓布","100001","碼","PS006","阿布實業有限公司","曾根倚(阿賢)","350"
"VAN5143-1H13-PS010","2025/08/12","VAN5143-1H13","椅腳","5143-1 ∅50 黑平光腳","13cm","只","PS010","凡加利企業有限公司","陳國華","96"
"SC65531-PS009","2025/08/05","SC65531","面料","655系列 莫蘭迪貓抓布","655-31 大漠灰","碼","PS009","清豐實業有限公司","","320"
"SC59878-PS009","2025/08/05","SC59878","面料","598系列 北歐雪花貓抓布","598-78 寒雪菊","碼","PS009","清豐實業有限公司","","320"
"ABU100007-PS006","2025/07/23","ABU100007","面料","ABU 1000系列 透氣貓抓布","100007","碼","PS006","阿布實業有限公司","曾根倚(阿賢)","350"
"ABU100002-PS006","2025/07/23","ABU100002","面料","ABU 1000系列 透氣貓抓布","100002","碼","PS006","阿布實業有限公司","曾根倚(阿賢)","350"
"SC59886-PS009","2025/07/23","SC59886","面料","598系列 北歐雪花貓抓布","598-86 雪夜黑","碼","PS009","清豐實業有限公司","","320"
"VAN6106H16-PS010","2025/07/15","VAN6106H16","椅腳","6106 圓形木腳","16cm","只","PS010","凡加利企業有限公司","陳國華","84"
"JB725H10-PS011","2025/07/15","JB725H10","椅腳","725 噴黑砂 圓7.6cm","10cm","只","PS011","久保家具材料行","","60"
"ABU1050A-120-PS006","2025/07/14","ABU1050A-120","面料","ABU 1050A系列 OTE貓抓布","1050A-120","碼","PS006","阿布實業有限公司","曾根倚(阿賢)","350"
"SC51823-PS009","2025/07/09","SC51823","面料","518系列 台灣精品亞麻布","518-23 糖霜棕","碼","PS009","清豐實業有限公司","","225"
"SC5753-PS009","2025/07/09","SC5753","面料","57系列 貓抓守衛皮","5753 奶油波斯貓","碼","PS009","清豐實業有限公司","","210"
"SC2550-PS009","2025/07/01","SC2550","面料","25系列 耐燃超纖皮系列","2550 白霧灰","碼","PS009","清豐實業有限公司","","210"
"GC74009-PS005","2025/07/01","GC74009","面料","740系列 貓不愛抓貓抓布","74009","碼","PS005","綠都傢飾有限公司","楊子毅","380"
"SC7937-PS009","2025/06/25","SC7937","面料","79系列 Q軟皮超厚系列","7937 淺灰色","碼","PS009","清豐實業有限公司","","210"
"SC59871-PS009","2025/06/25","SC59871","面料","598系列 北歐雪花貓抓布","598-71 初雪白","碼","PS009","清豐實業有限公司","","320"
"SC5756-PS009","2025/06/18","SC5756","面料","57系列 貓抓守衛皮","5756 彼得兔褐","碼","PS009","清豐實業有限公司","","210"
"SC3683-PS009","2025/06/13","SC3683","面料","南亞寵物科技皮2","3683 玄武黑","碼","PS009","清豐實業有限公司","","210"
"GC73901-PS005","2025/06/04","GC73901","面料","739系列 貓不愛抓貓抓布","73901","碼","PS005","綠都傢飾有限公司","楊子毅","380"
"GC74007-PS005","2025/06/04","GC74007","面料","740系列 貓不愛抓貓抓布","74007","碼","PS005","綠都傢飾有限公司","楊子毅","380"
"GC74003-PS005","2025/06/04","GC74003","面料","740系列 貓不愛抓貓抓布","74003","碼","PS005","綠都傢飾有限公司","楊子毅","380"
"SC59883-PS009","2025/05/28","SC59883","面料","598系列 北歐雪花貓抓布","598-83 晴雪藍","碼","PS009","清豐實業有限公司","","320"
"SC59880-PS009","2025/05/28","SC59880","面料","598系列 北歐雪花貓抓布","598-80 薄雪綠","碼","PS009","清豐實業有限公司","","320"
"SC59875-PS009","2025/05/28","SC59875","面料","598系列 北歐雪花貓抓布","598-75 櫻吹雪","碼","PS009","清豐實業有限公司","","320"
"SC5769-PS009","2025/05/28","SC5769","面料","57系列 貓抓守衛皮","5769 國王企鵝黑","碼","PS009","清豐實業有限公司","","210"
"JB309-1WH12-PS011","2025/05/27","JB309-1WH12","椅腳","309-1 (深胡桃木色)方型木腳","12cm","只","PS011","久保家具材料行","","1"
"SC5766-PS009","2025/05/26","SC5766","面料","57系列 貓抓守衛皮","5766 無尾熊灰","碼","PS009","清豐實業有限公司","","210"
"SC5762-PS009","2025/05/26","SC5762","面料","57系列 貓抓守衛皮","5762 狼鬃灰","碼","PS009","清豐實業有限公司","","210"
"ABU85577-PS006","2025/05/14","ABU85577","面料","855銀離子抗菌系列","85577","碼","PS006","阿布實業有限公司","曾根倚(阿賢)","350"
"SC53395-PS009","2025/05/07","SC53395","面料","533系列 北歐雲朵貓抓布","533-95 夜空黑","碼","PS009","清豐實業有限公司","","320"
"SC53387-PS009","2025/05/07","SC53387","面料","533系列 北歐雲朵貓抓布","533-87 月影灰","碼","PS009","清豐實業有限公司","","320"
"ABU1031A-020-PS006","2025/04/30","ABU1031A-020","面料","ABU1031A系列","1031A-020","碼","PS006","阿布實業有限公司","曾根倚(阿賢)","300"
"SC7928-PS009","2025/04/23","SC7928","面料","79系列 Q軟皮超厚系列","7928 落塵灰","碼","PS009","清豐實業有限公司","","210"
"ABU1026A-120-PS006","2025/04/23","ABU1026A-120","面料","ABU1026A系列","1026A-120","碼","PS006","阿布實業有限公司","曾根倚(阿賢)","1"
"ABU-Soho607-PS006","2025/04/23","ABU-Soho607","面料","Symphonymills Soho機能型沙發布","607","碼","PS006","阿布實業有限公司","曾根倚(阿賢)","420"
"ABU-Soho803-PS006","2025/04/14","ABU-Soho803","面料","Symphonymills Soho機能型沙發布","803","碼","PS006","阿布實業有限公司","曾根倚(阿賢)","420"
"GC75516-PS005","2025/04/14","GC75516","面料","755 舒柔貓抓布","75516","碼","PS005","綠都傢飾有限公司","楊子毅","210"
"VAN5143-1H15-PS010","2025/03/28","VAN5143-1H15","椅腳","5143-1 ∅50 黑平光腳","15cm","只","PS010","凡加利企業有限公司","陳國華","96"
"SC53001-PS009","2025/03/21","SC53001","面料","530系列 超耐磨抗刮布","530-01 太空灰","碼","PS009","清豐實業有限公司","","300"
"2200A78-PS004","2025/03/11","2200A78","面料","2200A76","2200A78","碼","PS004","翰銓國際總代理","盧建良","880"
"SC5765-PS009","2025/03/11","SC5765","面料","57系列 貓抓守衛皮","5765 斑鳩灰","碼","PS009","清豐實業有限公司","","210"
"GC75505-PS005","2025/03/09","GC75505","面料","755 舒柔貓抓布","75505","碼","PS005","綠都傢飾有限公司","楊子毅","210"
"FG60240-04-PS003","2025/03/03","FG60240-04","面料","FG60240 AMBIANT","04-Alpaca","碼","PS003","安得利設計藝術股份有限公司","簡國盛","518"
"SC7957-PS009","2025/02/26","SC7957","面料","79系列 Q軟皮超厚系列","7957 藕灰色","碼","PS009","清豐實業有限公司","","210"
"GC75527-PS005","2025/02/24","GC75527","面料","755 舒柔貓抓布","75527","碼","PS005","綠都傢飾有限公司","楊子毅","210"
"SC3936-PS009","2025/02/23","SC3936","面料","南亞寵物科技皮1","3936 鐵冬青","碼","PS009","清豐實業有限公司","","210"
"SC59889-PS009","2025/02/23","SC59889","面料","598系列 北歐雪花貓抓布","598-89 雪影灰","碼","PS009","清豐實業有限公司","","320"
"SC53384-PS009","2025/02/23","SC53384","面料","533系列 北歐雲朵貓抓布","533-84 雪峰灰","碼","PS009","清豐實業有限公司","","320"
"SC53381-PS009","2025/02/23","SC53381","面料","533系列 北歐雲朵貓抓布","533-81 暖日白","碼","PS009","清豐實業有限公司","","320"
"JB309-1H10-PS011","2025/02/23","JB309-1H10","椅腳","309-1 (原木色)方型木腳","10cm","只","PS011","久保家具材料行","","1"
"P00672-PS006","2025/02/17","ABU-Soho903","面料","Symphonymills Soho機能型沙發布","903","碼","PS006","阿布實業有限公司","曾根倚(阿賢)","420"
"3200A101-PS004","2025/01/13","3200A101","面料","3200A101","3200A101","碼","PS004","翰銓國際總代理","盧建良","1280"
"SC5750-PS009","2025/01/06","SC5750","面料","57系列 貓抓守衛皮","5750 綿羊白","碼","PS009","清豐實業有限公司","","210"
"SC5752-PS009","2025/01/02","SC5752","面料","57系列 貓抓守衛皮","5752 樹懶灰","碼","PS009","清豐實業有限公司","","210"
"SC7951-PS009","2025/01/02","SC7951","面料","79系列 Q軟皮超厚系列","7951 森林綠","碼","PS009","清豐實業有限公司","","210"
"ABU1027A-101-PS006","2025/01/02","ABU1027A-101","面料","1027A","1027A-101","碼","PS006","阿布實業有限公司","曾根倚(阿賢)","345"
"ABU-Soho103-PS006","2025/01/02","ABU-Soho103","面料","Symphonymills Soho機能型沙發布","103","碼","PS006","阿布實業有限公司","曾根倚(阿賢)","420"
"ABU-Soho405-PS006","2025/01/02","ABU-Soho405","面料","Symphonymills Soho機能型沙發布","405","碼","PS006","阿布實業有限公司","曾根倚(阿賢)","420"
"ABU600007-PS006","2025/01/02","ABU600007","","ABU 6000系列貓抓布","600007","碼","PS006","阿布實業有限公司","曾根倚(阿賢)","360"
"VANB1014-1H14-PS010","2024/12/27","VANB1014-1H14","椅腳","B1014-1 φ50 黑砂調整腳","14cm","只","PS010","凡加利企業有限公司","陳國華","91"
"ABU1036A-151-PS006","2024/12/18","ABU1036A-151","面料","ABU 1036A系列 OTE貓抓布","1036A-151","碼","PS006","阿布實業有限公司","曾根倚(阿賢)","350"
"SC59872-PS009","2024/12/18","SC59872","面料","598系列 北歐雪花貓抓布","598-72 雪柔白","碼","PS009","清豐實業有限公司","","320"
"VAN-B1289H13-PS010","2024/12/17","VAN-B1289H13","椅腳","B1289 ㄩ型不銹鋼腳 H13","13cm","只","PS010","凡加利企業有限公司","陳國華","607"
"VAN5143-1H11-PS010","2024/12/17","VAN5143-1H11","椅腳","5143-1 ∅50 黑平光腳","11cm","只","PS010","凡加利企業有限公司","陳國華","94"
"SC5768-PS009","2024/12/13","SC5768","面料","57系列 貓抓守衛皮","5768 龍貓灰","碼","PS009","清豐實業有限公司","","210"
"SC5760-PS009","2024/12/10","SC5760","面料","57系列 貓抓守衛皮","5760 傑尼龜藍","碼","PS009","清豐實業有限公司","","210"
"SC5757-PS009","2024/12/10","SC5757","面料","57系列 貓抓守衛皮","5757 麋鹿棕","碼","PS009","清豐實業有限公司","","210"
"SC5751-PS009","2024/12/10","SC5751","面料","57系列 貓抓守衛皮","5751 草泥馬灰","碼","PS009","清豐實業有限公司","","210"
"GC75510-PS005","2024/12/10","GC75510","面料","755 舒柔貓抓布","75510","碼","PS005","綠都傢飾有限公司","楊子毅","210"
"ABU85565-PS006","2024/12/10","ABU85565","面料","855銀離子抗菌系列","85565","碼","PS006","阿布實業有限公司","曾根倚(阿賢)","350"
"ABU700069-PS006","2024/12/10","ABU700069","面料","Microfibers — 7000系列貓抓布","700069","碼","PS006","阿布實業有限公司","曾根倚(阿賢)","520"
"SC53389-PS009","2024/11/27","SC53389","面料","533系列 北歐雲朵貓抓布","533-89 玫瑰粉","碼","PS009","清豐實業有限公司","","320"
"GC75526-PS005","2024/11/27","GC75526","面料","755 舒柔貓抓布","75526","碼","PS005","綠都傢飾有限公司","楊子毅","210"
"FG00180-33-PS003","2024/11/18","FG00180-33","面料","FG-00180 BRAVEHEART","33-Navy","碼","PS003","安得利設計藝術股份有限公司","簡國盛","540"
"FG00180-15-PS003","2024/11/18","FG00180-15","面料","FG-00180 BRAVEHEART","15-Chinchilla","碼","PS003","安得利設計藝術股份有限公司","簡國盛","540"
"JB0208H12-PS011","2024/11/12","JB0208H12","椅腳","0208 ∅7.6cm圓鐵腳 H12cm","12cm","只","PS011","久保家具材料行","","1"
"ABU600005-PS006","2024/11/12","ABU600005","面料","ABU 6000系列貓抓布","600005","碼","PS006","阿布實業有限公司","曾根倚(阿賢)","360"
"GC73920-PS005","2024/11/12","GC73920","面料","739系列 貓不愛抓貓抓布","73920","碼","PS005","綠都傢飾有限公司","楊子毅","380"
"GC75506-PS005","2024/11/08","GC75506","面料","755 舒柔貓抓布","75506","碼","PS005","綠都傢飾有限公司","楊子毅","210"
"ABU5306-PS006","2024/11/06","ABU5306","面料","ABU 53系列涼感布","5306","碼","PS006","阿布實業有限公司","曾根倚(阿賢)","250"
"SC68073-PS009","2024/10/28","SC68073","面料","680-73","680-73","碼","PS009","清豐實業有限公司","","630"
"3200A41-PS004","2024/10/28","3200A41","面料","3200A41","3200A41","碼","PS004","翰銓國際總代理","盧建良","1280"
"VAN5143H14-PS010","2024/10/23","VAN5143H14","椅腳","5143 ∅50 不鏽鋼腳","14cm","只","PS010","凡加利企業有限公司","陳國華","1"
"SC51831-PS009","2024/10/21","SC51831","面料","518系列 台灣精品亞麻布","518-31 銀狐灰","碼","PS009","清豐實業有限公司","","225"
"ABU5311-PS006","2024/10/17","ABU5311","面料","ABU 53系列涼感布","5311","碼","PS006","阿布實業有限公司","曾根倚(阿賢)","250"
"ABU5301-PS006","2024/10/11","ABU5301","面料","ABU 53系列涼感布","5301","碼","PS006","阿布實業有限公司","曾根倚(阿賢)","250"
"2200A76-PS004","2024/10/07","2200A76","面料","2200A76","2200A76","碼","PS004","翰銓國際總代理","盧建良","880"
"SC528-66-PS009","2024/09/16","SC528-66","面料","528系列 冰絲涼感布","528-66 沁湖綠","碼","PS009","清豐實業有限公司","","320"
"SC51826-PS009","2024/09/09","SC51826","面料","518系列 台灣精品亞麻布","518-26 淡紫灰","碼","PS009","清豐實業有限公司","","225"
"ABU5312-PS006","2024/09/06","ABU5312","面料","ABU 53系列涼感布","5312","碼","PS006","阿布實業有限公司","曾根倚(阿賢)","250"
"ABU5302-PS006","2024/09/04","ABU5302","面料","ABU 53系列涼感布","5302","碼","PS006","阿布實業有限公司","曾根倚(阿賢)","250"
"I0003-PS004","2024/09/04","I0003","面料","3900A95","3900A95","碼","PS004","翰銓國際總代理","盧建良","1560"
"JB309-1H8-PS011","2024/09/03","JB309-1H8","椅腳","309-1 (原木色)方型木腳","8cm","只","PS011","久保家具材料行","","1"
"JB309-1H6-PS011","2024/09/03","JB309-1H6","椅腳","309-1 (原木色)方型木腳","6cm","只","PS011","久保家具材料行","","1"
"ABU1036A-270-PS006","2024/08/26","ABU1036A-270","面料","ABU 1036A系列 OTE貓抓布","1036A-270","碼","PS006","阿布實業有限公司","曾根倚(阿賢)","350"
"VANB1538H13.5-PS010","2024/08/22","VANB1538H13.5","椅腳","B1538 鍍鈦腳H13.5","13.5cm","只","PS010","凡加利企業有限公司","陳國華","420"
"SC53382-PS009","2024/08/16","SC53382","面料","533系列 北歐雲朵貓抓布","533-82 柔雲黃","碼","PS009","清豐實業有限公司","","320"
"GABBHH-10-PS014","2024/08/12","GABBHH-10","面料","BBHH 防護新時代機能布","BBHH-10","碼","PS014","尚慶實業有限公司","","270"
"ABU1028A-270-PS006","2024/08/05","ABU1028A-270","面料","1028A-270","1028A-270","碼","PS006","阿布實業有限公司","曾根倚(阿賢)","360"
"ABU85575-PS006","2024/08/05","ABU85575","面料","855銀離子抗菌系列","85575","碼","PS006","阿布實業有限公司","曾根倚(阿賢)","350"
"GC75519-PS005","2024/08/05","GC75519","面料","755 舒柔貓抓布","75519","碼","PS005","綠都傢飾有限公司","楊子毅","210"
"ANC-55FG40220-18-PS003","2024/08/05","ANC-55FG40220-18","面料","FG40220 ALASKA","18","碼","PS003","安得利設計藝術股份有限公司","簡國盛","740"
"LC160_80-PS018","2024/07/27","LC160_80","原料","純乳膠 厚5公分","160*80*5cm(一體成型)","塊","PS018","闊巢居有限公司","","2000"
"ABU300049-PS006","2024/07/26","ABU300049","面料","Microfibers — 3000系列貓抓布","300049","碼","PS006","阿布實業有限公司","曾根倚(阿賢)","730"
"ABU1036A-110-PS006","2024/07/26","ABU1036A-110","面料","ABU 1036A系列 OTE貓抓布","1036A-110","碼","PS006","阿布實業有限公司","曾根倚(阿賢)","350"
"2200A75-PS004","2024/07/26","2200A75","面料","2200A75","2200A75","碼","PS004","翰銓國際總代理","盧建良","880"
"GC73910-PS005","2024/07/26","GC73910","面料","739系列 貓不愛抓貓抓布","73910","碼","PS005","綠都傢飾有限公司","楊子毅","380"
"GC75507-PS005","2024/07/08","GC75507","面料","755 舒柔貓抓布","75507","碼","PS005","綠都傢飾有限公司","楊子毅","210"
"FG40215-66-PS003","2024/07/05","FG40215-66","面料","FG40215 Suggestion","66-Titanium","碼","PS003","安得利設計藝術股份有限公司","簡國盛","459"
"FG60213-30-PS003","2024/07/05","FG60213-30","面料","FG60213 HEARTLAND","30-Duckegg","碼","PS003","安得利設計藝術股份有限公司","簡國盛","585"
"SC5590-PS009","2024/07/02","SC5590","面料","舒適涼感貓抓皮 55耐刮系列","5590","碼","PS009","清豐實業有限公司","","240"
"GC75501-PS005","2024/07/02","GC75501","面料","755 舒柔貓抓布","75501","碼","PS005","綠都傢飾有限公司","楊子毅","210"
"GC75503-PS005","2024/06/26","GC75503","面料","755 舒柔貓抓布","75503","碼","PS005","綠都傢飾有限公司","楊子毅","210"
"ABU1036A-353-PS006","2024/06/19","ABU1036A-353","面料","ABU 1036A系列 OTE貓抓布","1036A-353","碼","PS006","阿布實業有限公司","曾根倚(阿賢)","350"
"ABU1022-09-PS006","2024/06/11","ABU1022-09","面料","1022-06","1022-09","碼","PS006","阿布實業有限公司","曾根倚(阿賢)","360"
"GC75517-PS005","2024/06/11","GC75517","面料","755 舒柔貓抓布","75517","碼","PS005","綠都傢飾有限公司","楊子毅","210"
"GC75504-PS005","2024/06/11","GC75504","面料","755 舒柔貓抓布","75504","碼","PS005","綠都傢飾有限公司","楊子毅","210"
"JBA007H9-PS011","2024/06/10","JBA007H9","椅腳","A007 (深胡桃木色)圓型木腳","9cm","只","PS011","久保家具材料行","","55"
"SC51838-PS009","2024/06/03","SC51838","面料","518系列 台灣精品亞麻布","518-38 鈦空灰","碼","PS009","清豐實業有限公司","","225"
"JB1214H6-PS011","2024/05/15","JB1214H6","椅腳","1214 ∅5cm圓鐵腳 H6cm","6cm","只","PS011","久保家具材料行","","1"
"ABU5304-PS006","2024/05/10","ABU5304","面料","ABU 53系列涼感布","5304","碼","PS006","阿布實業有限公司","曾根倚(阿賢)","250"
"SC51833-PS009","2024/05/08","SC51833","面料","518系列 台灣精品亞麻布","518-33 雪芙藍","碼","PS009","清豐實業有限公司","","225"
"SC3923-PS009","2024/05/08","SC3923","面料","南亞寵物科技皮1","3923 落塵灰","碼","PS009","清豐實業有限公司","","210"
"SC3920-PS009","2024/05/08","SC3920","面料","南亞寵物科技皮1","3920 芋見灰","碼","PS009","清豐實業有限公司","","210"
"ABU1036A-450-PS006","2024/05/06","ABU1036A-450","面料","ABU 1036A系列 OTE貓抓布","1036A-450","碼","PS006","阿布實業有限公司","曾根倚(阿賢)","350"
"GC50516-PS005","2024/04/29","GC50516","面料","505輕柔貓抓布","50516","碼","PS005","綠都傢飾有限公司","楊子毅","380"
"GABBL518-PS014","2024/04/22","GABBL518","面料","BBL5 北歐輕絨貓抓布","BBL5-18","碼","PS014","尚慶實業有限公司","","300"
"ABU1036A-120-PS006","2024/04/22","ABU1036A-120","面料","ABU 1036A系列 OTE貓抓布","1036A-120","碼","PS006","阿布實業有限公司","曾根倚(阿賢)","350"
"ABU1036A-103-PS006","2024/04/22","ABU1036A-103","面料","ABU 1036A系列 OTE貓抓布","1036A-103","碼","PS006","阿布實業有限公司","曾根倚(阿賢)","350"
"ABU1036A-440-PS006","2024/04/22","ABU1036A-440","面料","ABU 1036A系列 OTE貓抓布","1036A-440","碼","PS006","阿布實業有限公司","曾根倚(阿賢)","350"
"ABU5519-PS006","2024/04/22","ABU5519","面料","ABU 55系列 超耐磨亞麻布","5519","碼","PS006","阿布實業有限公司","曾根倚(阿賢)","280"
"FG60213-35-PS003","2024/04/15","FG60213-35","面料","FG60213 HEARTLAND","35-Turtle","碼","PS003","安得利設計藝術股份有限公司","簡國盛","585"
"FG60213-34-PS003","2024/04/15","FG60213-34","面料","FG60213 HEARTLAND","34-Hunter","碼","PS003","安得利設計藝術股份有限公司","簡國盛","585"
"ABU85564-PS006","2024/04/10","ABU85564","面料","855銀離子抗菌系列","85564","碼","PS006","阿布實業有限公司","曾根倚(阿賢)","350"
"ABU1016-21-PS006","2024/04/08","ABU1016-21","面料","1016-21","1016-21","碼","PS006","阿布實業有限公司","曾根倚(阿賢)","345"
"ABU2603-PS006","2024/04/08","ABU2603","面料","2603","2603","碼","PS006","阿布實業有限公司","曾根倚(阿賢)","360"
"ABU1022-03-PS006","2024/04/08","ABU1022-03","面料","1022-03","1022-03","碼","PS006","阿布實業有限公司","曾根倚(阿賢)","360"
"SC68068-PS009","2024/03/18","SC68068","面料","680-68","680-68","碼","PS009","清豐實業有限公司","","630"
"SC527-83-PS009","2024/03/11","SC527-83","面料","527系列 天絲涼感布","527-83 冰霜灰","碼","PS009","清豐實業有限公司","","300"
"SC51834-PS009","2024/02/26","SC51834","面料","518系列 台灣精品亞麻布","518-34 午夜藍","碼","PS009","清豐實業有限公司","","225"
"GC73907-PS005","2024/02/26","GC73907","面料","739系列 貓不愛抓貓抓布","73907","碼","PS005","綠都傢飾有限公司","楊子毅","380"
"SC3689-PS009","2024/02/20","SC3689","面料","南亞寵物科技皮2","3689 清波綠","碼","PS009","清豐實業有限公司","","210"
"ABU5303-PS006","2024/02/20","ABU5303","面料","ABU 53系列涼感布","5303","碼","PS006","阿布實業有限公司","曾根倚(阿賢)","250"
"3200A102-PS004","2024/02/20","3200A102","面料","3200A102","3200A102","碼","PS004","翰銓國際總代理","盧建良","1280"
"FG60213-14-PS003","2024/02/07","FG60213-14","面料","FG60213 HEARTLAND","14-Linen","碼","PS003","安得利設計藝術股份有限公司","簡國盛","585"
"SC51822-PS009","2024/01/17","SC51822","面料","518系列 台灣精品亞麻布","518-22 奶油灰","碼","PS009","清豐實業有限公司","","225"
"ABU1031A006-PS006","2024/01/10","ABU1031A-006","面料","ABU1031A系列","1031A-006","碼","PS006","阿布實業有限公司","曾根倚(阿賢)","300"
"ABU1031A-004-PS006","2024/01/10","ABU1031A-004","面料","ABU1031A系列","1031A-004","碼","PS006","阿布實業有限公司","曾根倚(阿賢)","300"
"VANB1802H15-PS010","2024/01/05","VANB1802H15","椅腳","B1802 鋤頭電鍍腳H15","15cm","只","PS010","凡加利企業有限公司","陳國華","78"
"GC73929-PS005","2024/01/05","GC73929","面料","739系列 貓不愛抓貓抓布","73929","碼","PS005","綠都傢飾有限公司","楊子毅","380"
"ABU800008-PS006","2024/01/03","ABU800008","","ABU 8000系列貓抓布","800008","","PS006","阿布實業有限公司","曾根倚(阿賢)","360"
"ABU5308-PS006","2024/01/03","ABU5308","面料","ABU 53系列涼感布","5308","碼","PS006","阿布實業有限公司","曾根倚(阿賢)","250"
"GC73904-PS005","2024/01/02","GC73904","面料","739系列 貓不愛抓貓抓布","73904","碼","PS005","綠都傢飾有限公司","楊子毅","380"
"VAN5143H12-PS010","2023/12/29","VAN5143H12","椅腳","5143 ∅50 不鏽鋼腳","12cm","只","PS010","凡加利企業有限公司","陳國華","1"
"VAN5143H6-PS010","2023/12/29","VAN5143H6","椅腳","5143 ∅50 不鏽鋼腳","6cm","只","PS010","凡加利企業有限公司","陳國華","1"
"ABU85573-PS006","2023/12/25","ABU85573","面料","855銀離子抗菌系列","85573","碼","PS006","阿布實業有限公司","曾根倚(阿賢)","350"
"GABBHH09-PS014","2023/12/25","GABBHH09","面料","BBHH 防護新時代機能布","BBHH-09","碼","PS014","尚慶實業有限公司","","270"
"SC52922-PS009","2023/12/25","SC52922","面料","529系列 石墨烯涼感布","529-22 雲柔灰","碼","PS009","清豐實業有限公司","","320"
"SC3682-PS009","2023/12/25","SC3682","面料","南亞寵物科技皮2","3682 凝海藍","碼","PS009","清豐實業有限公司","","210"
"ABU85585-PS006","2023/12/25","ABU85585","面料","855銀離子抗菌系列","85585","碼","PS006","阿布實業有限公司","曾根倚(阿賢)","350"
"VANB1802-2H15-PS010","2023/12/18","VANB1802-2H15","椅腳","B1802-2 鋤頭黑漆腳H15","15cm","只","PS010","凡加利企業有限公司","陳國華","78"
"JBS021-PS011","2023/12/18","JBS021","椅腳","S-021 U型鋁腳H10cm","10cm","只","PS011","久保家具材料行","","1"
"SC51824-PS009","2023/12/18","SC51824","面料","518系列 台灣精品亞麻布","518-24 胡桃色","碼","PS009","清豐實業有限公司","","225"
"SC527-87-PS009","2023/12/18","SC527-87","面料","527-84","527-87 櫻花粉","碼","PS009","清豐實業有限公司","","300"
"SC528-74-PS009","2023/12/18","SC528-74","面料","528系列 冰絲涼感布","528-74 冷棕灰","碼","PS009","清豐實業有限公司","","320"
"ABU300055-PS006","2023/12/12","ABU300055","面料","Microfibers — 3000系列貓抓布","300055","碼","PS006","阿布實業有限公司","曾根倚(阿賢)","730"
"GC73903-PS005","2023/12/12","GC73903","面料","739系列 貓不愛抓貓抓布","73903","碼","PS005","綠都傢飾有限公司","楊子毅","380"
"SC3906-PS009","2023/12/12","SC3906","面料","南亞寵物科技皮1","3906 白雲灰","碼","PS009","清豐實業有限公司","","210"
"SC3901-PS009","2023/12/12","SC3901","面料","南亞寵物科技皮1","3901 北歐白","碼","PS009","清豐實業有限公司","","210"
"ABU300009-PS006","2023/12/12","ABU300009","面料","Microfibers — 3000系列貓抓布","300009","碼","PS006","阿布實業有限公司","曾根倚(阿賢)","730"
"SC51829-PS009","2023/12/11","SC51829","面料","518系列 台灣精品亞麻布","518-29 水泥灰","碼","PS009","清豐實業有限公司","","225"
"ABU85571-PS006","2023/12/11","ABU85571","面料","855銀離子抗菌系列","85571","碼","PS006","阿布實業有限公司","曾根倚(阿賢)","350"
"SC5640-PS009","2023/12/11","SC5640","面料","寵物皮2系列","5640 藍調黑","碼","PS009","清豐實業有限公司","","210"
"VAN6070H13.5-PS010","2023/12/10","VAN6070H13.5","椅腳","6070 木頭腳","13.5cm","只","PS010","凡加利企業有限公司","陳國華","1"
"VAN5143-1H14-PS010","2023/12/10","VAN5143-1H14","椅腳","5143-1 ∅50 黑平光腳","14cm","只","PS010","凡加利企業有限公司","陳國華","96"
"SC3916-PS009","2023/12/04","SC3916","面料","南亞寵物科技皮1","3916 奶油灰","碼","PS009","清豐實業有限公司","","210"
"SC52872-PS009","2023/12/04","SC52872","面料","528系列 冰絲涼感布","528-72 白橡木","碼","PS009","清豐實業有限公司","","320"
"SC3904-PS009","2023/12/04","SC3904","面料","南亞寵物科技皮1","3904 白玉綠","碼","PS009","清豐實業有限公司","","210"
"SC3684-PS009","2023/11/28","SC3684","面料","南亞寵物科技皮2","3684 暮雲灰","碼","PS009","清豐實業有限公司","","210"
"SC3678-PS009","2023/11/28","SC3678","面料","南亞寵物科技皮2","3678 星霜灰","碼","PS009","清豐實業有限公司","","210"
"SC3672-PS009","2023/11/28","SC3672","面料","南亞寵物科技皮2","3672 白羽灰","碼","PS009","清豐實業有限公司","","210"
"GC74029-PS005","2023/11/27","GC74029","面料","740系列 貓不愛抓貓抓布","74029","碼","PS005","綠都傢飾有限公司","楊子毅","380"
"GC74019-PS005","2023/11/27","GC74019","面料","740系列 貓不愛抓貓抓布","74019","碼","PS005","綠都傢飾有限公司","楊子毅","380"
"GABBL5-13-PS014","2023/11/27","GABBL5-13","面料","BBL5 北歐輕絨貓抓布","BBL5-13","碼","PS014","尚慶實業有限公司","","300"
"GC73914-PS005","2023/11/27","GC73914","面料","739系列 貓不愛抓貓抓布","73914","碼","PS005","綠都傢飾有限公司","楊子毅","380"
"GC74020-PS005","2023/11/27","GC74020","面料","740系列 貓不愛抓貓抓布","74020","碼","PS005","綠都傢飾有限公司","楊子毅","380"
"GC74010-PS005","2023/11/27","GC74010","面料","740系列 貓不愛抓貓抓布","74010","碼","PS005","綠都傢飾有限公司","楊子毅","380"
"SC52871-PS009","2023/11/27","SC52871","面料","528系列 冰絲涼感布","528-71 單寧藍","碼","PS009","清豐實業有限公司","","320"
"SC3905-PS009","2023/11/20","SC3905","面料","南亞寵物科技皮1","3905 晨霧藍","碼","PS009","清豐實業有限公司","","210"
"ABU600010-PS006","2023/11/20","ABU600010","","ABU 6000系列貓抓布","600010","碼","PS006","阿布實業有限公司","曾根倚(阿賢)","360"
"P00523-PS016","2023/11/14","P00523","五金","鋁V型頭枕架","","","PS016","陽新展","賴佐陽","580"
"ABU600009-PS006","2023/11/13","ABU600009","","ABU 6000系列貓抓布","600009","碼","PS006","阿布實業有限公司","曾根倚(阿賢)","360"
"GC74046-PS005","2023/11/06","GC74046","面料","740系列 貓不愛抓貓抓布","74046","碼","PS005","綠都傢飾有限公司","楊子毅","380"
"SC3910-PS009","2023/11/01","SC3910","面料","南亞寵物科技皮1","3910 午夜藍","碼","PS009","清豐實業有限公司","","210"
"SC3931-PS009","2023/11/01","SC3931","面料","南亞寵物科技皮1","3931 日落橘","碼","PS009","清豐實業有限公司","","210"
"SC3925-PS009","2023/11/01","SC3925","面料","南亞寵物科技皮1","3925 夜空黑","碼","PS009","清豐實業有限公司","","210"
"SC3928-PS009","2023/11/01","SC3928","面料","南亞寵物科技皮1","3928 奶茶粉","碼","PS009","清豐實業有限公司","","210"
"SC3924-PS009","2023/11/01","SC3924","面料","南亞寵物科技皮1","3924 胡桃色","碼","PS009","清豐實業有限公司","","210"
"SC3921-PS009","2023/11/01","SC3921","面料","南亞寵物科技皮1","3921 焦糖色","碼","PS009","清豐實業有限公司","","210"
"SC3903-PS009","2023/11/01","SC3903","面料","南亞寵物科技皮1","3903 淺沙色","碼","PS009","清豐實業有限公司","","210"
"MCA0007-PS004","2023/11/01","MCA0007","面料","1800A07","1800A07","碼","PS004","翰銓國際總代理","盧建良","720"
"GC73603-PS005","2023/11/01","GC73603","面料","輕柔素雅貓抓布 736系列","73603","碼","PS005","綠都傢飾有限公司","楊子毅","380"
"FG4020005-PS003","2023/10/26","FG4020005","面料","FG-40200 MELTON","05-Dune","碼","PS003","安得利設計藝術股份有限公司","簡國盛","495"
"ABU85567-PS006","2023/10/24","ABU85567","面料","855銀離子抗菌系列","85567","碼","PS006","阿布實業有限公司","曾根倚(阿賢)","350"
"SC65532-PS009","2023/10/23","SC65532","","655系列 莫蘭迪貓抓布","655-32 青石灰","","PS009","清豐實業有限公司","","380"
"SC3680-PS009","2023/10/23","SC3680","面料","南亞寵物科技皮2","3680 落栗棕","碼","PS009","清豐實業有限公司","","210"
"GC74024-PS005","2023/10/17","GC74024","面料","740系列 貓不愛抓貓抓布","74024","碼","PS005","綠都傢飾有限公司","楊子毅","380"
"ST-073-PS017","2023/10/13","ST-073","","ST-073 USB TYPE A + TYPE C 桌面充電USB孔","","組","PS017","四二電子股份有限公司","","300"
"ST-064-1A1C-PS017","2023/10/13","ST-064-1A1C","","ST-064-1A1C","","組","PS017","四二電子股份有限公司","","330"
"ST-066-2 (1A1C)-PS017","2023/10/13","ST-066-2 (1A1C)","","ST-066-2 (1A1C)","","組","PS017","四二電子股份有限公司","","500"
"ABU600004-PS006","2023/10/02","ABU600004","面料","ABU 6000系列貓抓布","600004","碼","PS006","阿布實業有限公司","曾根倚(阿賢)","360"
"ABU600001-PS006","2023/10/02","ABU600001","面料","ABU 6000系列貓抓布","600001","碼","PS006","阿布實業有限公司","曾根倚(阿賢)","360"
"ABU600006-PS006","2023/10/02","ABU600006","面料","ABU 6000系列貓抓布","600006","碼","PS006","阿布實業有限公司","曾根倚(阿賢)","360"
"SC529-23-PS009","2023/10/02","SC529-23","面料","529系列 石墨烯涼感布","529-23 烟波灰","碼","PS009","清豐實業有限公司","","320"
"ABU600008-PS006","2023/10/02","ABU600008","","ABU 6000系列貓抓布","600008","碼","PS006","阿布實業有限公司","曾根倚(阿賢)","360"
"SC3679-PS009","2023/09/25","SC3679","面料","南亞寵物科技皮2","3679 群青藍","碼","PS009","清豐實業有限公司","","210"
"SC3674-PS009","2023/09/25","SC3674","面料","南亞寵物科技皮2","3674 暖日白","碼","PS009","清豐實業有限公司","","210"
"SC3677-PS009","2023/09/25","SC3677","面料","南亞寵物科技皮2","3677 蜜砂棕","碼","PS009","清豐實業有限公司","","210"
"SC3681-PS009","2023/09/25","SC3681","面料","南亞寵物科技皮2","3681 夜詠藍","碼","PS009","清豐實業有限公司","","210"
"SC3673-PS009","2023/09/25","SC3673","面料","南亞寵物科技皮2","3673 遠天藍","碼","PS009","清豐實業有限公司","","210"
"SC3675-PS009","2023/09/25","SC3675","面料","南亞寵物科技皮2","3675 朝霧灰","碼","PS009","清豐實業有限公司","","210"
"GABBHH03-PS014","2023/09/25","GABBHH03","面料","BBHH 防護新時代機能布","BBHH-03","碼","PS014","尚慶實業有限公司","","270"
"ABU600003-PS006","2023/09/11","ABU600003","面料","ABU 6000系列貓抓布","600003","碼","PS006","阿布實業有限公司","曾根倚(阿賢)","360"
"SC3918-PS009","2023/09/11","SC3918","面料","南亞寵物科技皮1","3918 波斯菊","碼","PS009","清豐實業有限公司","","210"
"ABU600002-PS006","2023/09/11","ABU600002","","ABU 6000系列貓抓布","600002","碼","PS006","阿布實業有限公司","曾根倚(阿賢)","360"
"SC529-31-PS009","2023/08/29","SC529-31","面料","529系列 石墨烯涼感布","529-31 雪晶藍","碼","PS009","清豐實業有限公司","","320"
"GABBHH07-PS014","2023/08/28","GABBHH07","面料","BBHH 防護新時代機能布","BBHH-07","碼","PS014","尚慶實業有限公司","","270"
"GC73916-PS005","2023/08/07","GC73916","面料","739系列 貓不愛抓貓抓布","73916","碼","PS005","綠都傢飾有限公司","楊子毅","380"
"GC74017-PS005","2023/08/07","GC74017","面料","740系列 貓不愛抓貓抓布","74017","碼","PS005","綠都傢飾有限公司","楊子毅","380"
"GC74012-PS005","2023/08/07","GC74012","面料","740系列 貓不愛抓貓抓布","74012","碼","PS005","綠都傢飾有限公司","楊子毅","380"
"GC74004-PS005","2023/07/28","GC74004","面料","740系列 貓不愛抓貓抓布","74004","碼","PS005","綠都傢飾有限公司","楊子毅","380"
"GC74014-PS005","2023/07/28","GC74014","面料","740系列 貓不愛抓貓抓布","74014","碼","PS005","綠都傢飾有限公司","楊子毅","380"
"SC529-32-PS009","2023/07/28","SC529-32","面料","529系列 石墨烯涼感布","529-32 寒霧藍","碼","PS009","清豐實業有限公司","","320"
"GC74016-PS005","2023/07/28","GC74016","面料","740系列 貓不愛抓貓抓布","74016","碼","PS005","綠都傢飾有限公司","楊子毅","380"
"ABU300021-PS006","2023/07/28","ABU300021","面料","Microfibers — 3000系列貓抓布","300021","碼","PS006","阿布實業有限公司","曾根倚(阿賢)","730"
"GABBHH12-PS014","2023/07/24","GABBHH12","面料","BBHH 防護新時代機能布","BBHH-12","碼","PS014","尚慶實業有限公司","","270"
"SC3933-PS009","2023/07/21","SC3933","面料","南亞寵物科技皮1","3933 翡翠抹茶","碼","PS009","清豐實業有限公司","","210"
"SC529-25-PS009","2023/07/21","SC529-25","面料","529系列 石墨烯涼感布","529-25 煙砂色","碼","PS009","清豐實業有限公司","","320"
"H0003-PS004","2023/07/21","H0003","面料","2800A84","2800A84","碼","PS004","翰銓國際總代理","盧建良","1120"
"FG00183-11-PS003","2023/07/17","FG00183-11","面料","FG00183 DYNAMO","11-Raffia","碼","PS003","安得利設計藝術股份有限公司","簡國盛","518"
"VANB1494H15-PS010","2023/07/17","VANB1494H15","椅腳","B1494 黑平光腳 H15cm","15cm","只","PS010","凡加利企業有限公司","陳國華","78"
"FG40181-19-PS003","2023/07/14","FG40181-19","面料","FG-40181 LEGACY","19-Cloud","","PS003","安得利設計藝術股份有限公司","簡國盛","518"
"SC52782-PS009","2023/07/14","SC52782","面料","527系列 天絲涼感布","527-82 水泥灰","碼","PS009","清豐實業有限公司","","300"
"SC52877-PS009","2023/07/14","SC52877","面料","528系列 冰絲涼感布","528-77 曜石灰","碼","PS009","清豐實業有限公司","","320"
"ABU85561-PS006","2023/07/07","ABU85561","面料","855銀離子抗菌系列","85561","碼","PS006","阿布實業有限公司","曾根倚(阿賢)","350"
"P00471-PS009","2023/06/30","","面料","寵物皮2系列","5630 煙波藍","碼","PS009","清豐實業有限公司","","210"
"VANB1502H13-PS010","2023/06/28","VANB1502H13","椅腳","B1502 啞黑三叉腳H13","13cm","只","PS010","凡加利企業有限公司","陳國華","47"
"MCB0002-PS004","2023/06/27","MCB0002","面料","2300A52","2300A52","碼","PS004","翰銓國際總代理","盧建良","920"
"ABU1016-31-PS006","2023/06/27","ABU1016-31","面料","1016-31","1016-31","碼","PS006","阿布實業有限公司","曾根倚(阿賢)","345"
"GABBHH15-PS014","2023/06/20","GABBHH15","面料","BBHH 防護新時代機能布","BBHH-15","碼","PS014","尚慶實業有限公司","","270"
"GABBHH06-PS014","2023/06/20","GABBHH06","面料","BBHH 防護新時代機能布","BBHH-06","碼","PS014","尚慶實業有限公司","","270"
"FG60213-25-PS003","2023/06/19","FG60213-25","面料","FG60213 HEARTLAND","25-Aubergine","碼","PS003","安得利設計藝術股份有限公司","簡國盛","585"
"VANB1470H12-PS010","2023/06/19","VANB1470H12","椅腳","B1470 電鍍腳 H12.5cm","12cm","只","PS010","凡加利企業有限公司","陳國華","236"
"GABBHH14-PS014","2023/06/16","GABBHH14","面料","BBHH 防護新時代機能布","BBHH-14","碼","PS014","尚慶實業有限公司","","270"
"ABU5611-PS006","2023/06/16","ABU5611","面料","5611","5611","碼","PS006","阿布實業有限公司","曾根倚(阿賢)","333"
"H0002-PS004","2023/06/16","H0002","面料","2800A83","2800A83","碼","PS004","翰銓國際總代理","盧建良","1120"
"ABU-Soho805-PS006","2023/06/09","ABU-Soho805","面料","Symphonymills Soho機能型沙發布","805","碼","PS006","阿布實業有限公司","曾根倚(阿賢)","420"
"ABU1016-04-PS006","2023/06/09","ABU1016-04","面料","1016-04","1016-04","碼","PS006","阿布實業有限公司","曾根倚(阿賢)","345"
"ABU1028A111-PS006","2023/06/01","ABU1028A111","面料","1028A-111","1028A-111","碼","PS006","阿布實業有限公司","曾根倚(阿賢)","360"
"MCC0011-PS004","2023/05/26","MCC0011","面料","3200A32","3200A32","碼","PS004","翰銓國際總代理","盧建良","1280"
"H0001-PS004","2023/05/22","H0001","面料","2800A82","2800A82","碼","PS004","翰銓國際總代理","盧建良","1120"
"VAN6110H15-PS010","2023/05/22","VAN6110H15","椅腳","6110 斜銅套木腳","15cm","只","PS010","凡加利企業有限公司","陳國華","102"
"SC52873-PS009","2023/05/22","SC52873","面料","528系列 冰絲涼感布","528-73 清水灰","碼","PS009","清豐實業有限公司","","320"
"ABU5508-PS006","2023/05/22","ABU5508","面料","ABU 55系列 超耐磨亞麻布","5508","碼","PS006","阿布實業有限公司","曾根倚(阿賢)","280"
"MCB0006-PS004","2023/05/22","MCB0006","面料","2300A56","2300A56","碼","PS004","翰銓國際總代理","盧建良","920"
"SC529-38-PS009","2023/05/12","SC529-38","面料","529系列 石墨烯涼感布","529-38 薄墨黑","碼","PS009","清豐實業有限公司","","320"
"FG60213-28-PS003","2023/05/09","FG60213-28","面料","FG60213 HEARTLAND","28-Captain","碼","PS003","安得利設計藝術股份有限公司","簡國盛","585"
"JB3419-PS011","2023/05/05","JB3419","椅腳","3419槍黑","12.5cm","只","PS011","久保家具材料行","","180"
"JB309-1H12-PS011","2023/05/05","JB309-1H12","椅腳","309-1 (原木色)方型木腳","12cm","只","PS011","久保家具材料行","","1"
"GABBHH11-PS014","2023/05/05","GABBHH11","面料","BBHH 防護新時代機能布","BBHH-11","碼","PS014","尚慶實業有限公司","","270"
"GABBHH05-PS014","2023/05/05","GABBHH05","面料","BBHH 防護新時代機能布","BBHH-05","碼","PS014","尚慶實業有限公司","","270"
"FG60190-11-PS003","2023/05/03","FG60190-11","面料","FG60190 DELUXE","11-NOUGAT","碼","PS003","安得利設計藝術股份有限公司","簡國盛","1200"
"SC52876-PS009","2023/05/03","SC52876","面料","528系列 冰絲涼感布","528-76 煙鐵灰","碼","PS009","清豐實業有限公司","","320"
"SC52870-PS009","2023/04/28","SC52870","面料","528系列 冰絲涼感布","528-70 明湖藍","碼","PS009","清豐實業有限公司","","320"
"SC52869-PS009","2023/04/28","SC52869","面料","528系列 冰絲涼感布","528-69 落日橙","碼","PS009","清豐實業有限公司","","320"
"GABBHH04-PS014","2023/04/28","GABBHH04","面料","BBHH 防護新時代機能布","BBHH-04","碼","PS014","尚慶實業有限公司","","270"
"GABBHH02-PS014","2023/04/28","GABBHH02","面料","BBHH 防護新時代機能布","BBHH-02","碼","PS014","尚慶實業有限公司","","270"
"2200A74-PS004","2023/04/12","2200A74","面料","2200A74","2200A74","碼","PS004","翰銓國際總代理","盧建良","880"
"GABBL520-PS014","2023/04/12","GABBL520","面料","BBL5 北歐輕絨貓抓布","BBL5-20","碼","PS014","尚慶實業有限公司","","300"
"2200A71-PS004","2023/04/12","2200A71","面料","2200A71","2200A71","碼","PS004","翰銓國際總代理","盧建良","880"
"SC52875-PS009","2023/04/11","SC52875","面料","528系列 冰絲涼感布","528-75 鈦空灰","碼","PS009","清豐實業有限公司","","320"
"I0002-PS004","2023/04/06","I0002","面料","3900A92","3900A92","碼","PS004","翰銓國際總代理","盧建良","1560"
"SC65528-PS009","2023/04/02","SC65528","","655系列 莫蘭迪貓抓布","655-28 深邃藍","","PS009","清豐實業有限公司","","380"
"2200A73-PS004","2023/03/31","2200A73","面料","2200A73","2200A73","碼","PS004","翰銓國際總代理","盧建良","880"
"2200A72-PS004","2023/03/31","2200A72","面料","2200A72","2200A72","碼","PS004","翰銓國際總代理","盧建良","880"
"VANB1025~29H14-PS010","2023/03/28","VANB1025~29H14","椅腳","B1025~29 φ75 不鏽鋼腳","14cm","只","PS010","凡加利企業有限公司","陳國華","100"
"VANB1509H15-PS010","2023/03/28","VANB1509H15","椅腳","B1509 啞黑配金錐腳","15cm","只","PS010","凡加利企業有限公司","陳國華","108"
"VANB1509H13-PS010","2023/03/28","VANB1509H13","椅腳","B1509 啞黑配金錐腳","13cm","只","PS010","凡加利企業有限公司","陳國華","106"
"ABU1023-48-PS006","2023/03/28","ABU1023-48","面料","ABU1023系列","1023-48","碼","PS006","阿布實業有限公司","曾根倚(阿賢)","350"
"FG60213-11-PS003","2023/03/28","FG60213-11","面料","FG60213 HEARTLAND","11-Natural","碼","PS003","安得利設計藝術股份有限公司","簡國盛","585"
"SC529-34-PS009","2023/03/24","SC529-34","面料","529系列 石墨烯涼感布","529-34 北海藍","碼","PS009","清豐實業有限公司","","320"
"SC529-30-PS009","2023/03/03","SC529-30","面料","529系列 石墨烯涼感布","529-30 冬日櫻","碼","PS009","清豐實業有限公司","","320"
"SC529-26-PS009","2023/03/03","SC529-26","面料","529系列 石墨烯涼感布","529-26 朝露灰","碼","PS009","清豐實業有限公司","","320"
"FG60213-31-PS003","2023/03/02","FG60213-31","面料","FG60213 HEARTLAND","31-Aruba","碼","PS003","安得利設計藝術股份有限公司","簡國盛","585"
"ABU300024-PS006","2023/02/17","ABU300024","面料","Microfibers — 3000系列貓抓布","300024","碼","PS006","阿布實業有限公司","曾根倚(阿賢)","730"
"GC52220-PS005","2023/02/13","GC52220","面料","522系列 輕柔雲彩貓抓布","52220","碼","PS005","綠都傢飾有限公司","楊子毅","380"
"GABBL505-PS014","2023/02/13","GABBL505","面料","BBL5 北歐輕絨貓抓布","BBL5-05","碼","PS014","尚慶實業有限公司","","300"
"LY9308-PS007","2023/02/08","LY9308","面料","9308","9308","碼","PS007","盟哲實業有限公司","","1"
"FG60213-08-PS003","2023/01/30","FG60213-08","面料","FG60213 HEARTLAND","08-Chinchilla","碼","PS003","安得利設計藝術股份有限公司","簡國盛","585"
"VANB1483H8-PS010","2023/01/17","VANB1483H8","椅腳","B1483 黑平光飛機腳 H8cm","8cm","只","PS010","凡加利企業有限公司","陳國華","1"
"VANB1483H15-PS010","2023/01/17","VANB1483H15","椅腳","B1483 黑平光飛機腳 H15cm","15cm","只","PS010","凡加利企業有限公司","陳國華","1"
"VANB1483H12-PS010","2023/01/17","VANB1483H12","椅腳","B1483 黑平光飛機腳 H12cm","12cm","只","PS010","凡加利企業有限公司","陳國華","1"
"SC65689-PS009","2023/01/12","SC65689","面料","656系列 西班牙超級貓抓布","656-89","碼","PS009","清豐實業有限公司","","380"
"SC65696-PS009","2023/01/12","SC65696","面料","656系列 西班牙超級貓抓布","656-96","碼","PS009","清豐實業有限公司","","380"
"ABU800013-PS006","2023/01/12","ABU800013","","ABU 8000系列貓抓布","800013","碼","PS006","阿布實業有限公司","曾根倚(阿賢)","360"
"MCC0004-PS004","2023/01/10","MCC0004","面料","3200A24","3200A24","碼","PS004","翰銓國際總代理","盧建良","1280"
"ABU-Soho606-PS006","2023/01/06","ABU-Soho606","面料","Symphonymills Soho機能型沙發布","606","碼","PS006","阿布實業有限公司","曾根倚(阿賢)","420"
"SC52868-PS009","2023/01/06","SC52868","面料","528系列 冰絲涼感布","528-68 吉野櫻","碼","PS009","清豐實業有限公司","","320"
"GABBL506-PS014","2022/12/30","GABBL506","面料","BBL5 北歐輕絨貓抓布","BBL5-06","碼","PS014","尚慶實業有限公司","","300"
"ABU800017-PS006","2022/12/30","ABU800017","","ABU 8000系列貓抓布","800017","碼","PS006","阿布實業有限公司","曾根倚(阿賢)","360"
"ABU1031A-001-PS006","2022/12/23","ABU1031A-001","面料","ABU1031A系列","1031A-001","碼","PS006","阿布實業有限公司","曾根倚(阿賢)","300"
"ABU1031A-002-PS006","2022/12/23","ABU1031A-002","面料","ABU1031A系列","1031A-002","碼","PS006","阿布實業有限公司","曾根倚(阿賢)","300"
"ABU1026A-302-PS006","2022/12/23","ABU1026A-302","面料","ABU1026A系列","1026A-302","碼","PS006","阿布實業有限公司","曾根倚(阿賢)","1"
"ABU1026A-280-PS006","2022/12/23","ABU1026A-280","面料","ABU1026A系列","1026A-280","碼","PS006","阿布實業有限公司","曾根倚(阿賢)","1"
"JB309-1WH10-PS011","2022/12/21","JB309-1WH10","椅腳","309-1 (深胡桃木色)方型木腳","10cm","只","PS011","久保家具材料行","","1"
"VANB1859-2H10-PS010","2022/12/20","VANB1859-2H10","椅腳","B1859-2 菱形三叉黑漆腳","10cm","只","PS010","凡加利企業有限公司","陳國華","66"
"ABU5525-PS006","2022/12/19","ABU5525","面料","ABU 55系列 超耐磨亞麻布","5525","碼","PS006","阿布實業有限公司","曾根倚(阿賢)","280"
"FG60213-02-PS003","2022/12/13","FG60213-02","面料","FG60213 HEARTLAND","02-Silver","碼","PS003","安得利設計藝術股份有限公司","簡國盛","585"
"FG60213-17-PS003","2022/12/13","FG60213-17","面料","FG60213 HEARTLAND","17-Mushroom","碼","PS003","安得利設計藝術股份有限公司","簡國盛","585"
"FG60213-19-PS003","2022/12/13","FG60213-19","面料","FG60213 HEARTLAND","19-Tobacco","碼","PS003","安得利設計藝術股份有限公司","簡國盛","585"
"FG60213-26-PS003","2022/12/13","FG60213-26","面料","FG60213 HEARTLAND","26-Marine","碼","PS003","安得利設計藝術股份有限公司","簡國盛","585"
"FG60213-01-PS003","2022/12/13","FG60213-01","面料","FG60213 HEARTLAND","01-Mist","碼","PS003","安得利設計藝術股份有限公司","簡國盛","585"
"FG60213-36-PS003","2022/12/13","FG60213-36","面料","FG60213 HEARTLAND","36-BAMBOO","碼","PS003","安得利設計藝術股份有限公司","簡國盛","585"
"VAN5143-1H4-PS010","2022/12/12","VAN5143-1H4","椅腳","5143-1 ∅50 黑平光腳","4cm","只","PS010","凡加利企業有限公司","陳國華","1"
"JBS006-PS011","2022/12/12","JBS006","椅腳","S-006 鋁腳H12cm","12cm","只","PS011","久保家具材料行","","1"
"JB309-1H15-PS011","2022/12/12","JB309-1H15","椅腳","309-1 (原木色)方型木腳","15cm","只","PS011","久保家具材料行","","1"
"ABU-Soho902-PS006","2022/12/09","ABU-Soho902","面料","Symphonymills Soho機能型沙發布","902","碼","PS006","阿布實業有限公司","曾根倚(阿賢)","420"
"ABU1022-06-PS006","2022/12/09","ABU1022-06","面料","1022-06","1022-06","碼","PS006","阿布實業有限公司","曾根倚(阿賢)","360"
"ABU5609-PS006","2022/12/02","ABU5609","面料","5609","5609","碼","PS006","阿布實業有限公司","曾根倚(阿賢)","333"
"MCC0009-PS004","2022/12/02","MCC0009","面料","3200A29","3200A29","碼","PS004","翰銓國際總代理","盧建良","1280"
"SC52862-PS009","2022/12/02","SC52862","面料","528系列 冰絲涼感布","528-62 岩雪灰","碼","PS009","清豐實業有限公司","","320"
"FG60213-07-PS003","2022/12/01","FG60213-07","面料","FG60213 HEARTLAND","07-MOUSE","碼","PS003","安得利設計藝術股份有限公司","簡國盛","585"
"ABU800004-PS006","2022/11/25","ABU800004","","ABU 8000系列貓抓布","800004","碼","PS006","阿布實業有限公司","曾根倚(阿賢)","360"
"FG00190-25-PS003","2022/11/23","FG00190-25","面料","FG-00190 KRONOS","25-IRON","碼","PS003","安得利設計藝術股份有限公司","簡國盛","540"
"SC65683-PS009","2022/11/18","SC65683","面料","656系列 西班牙超級貓抓布","656-83 單寧藍","碼","PS009","清豐實業有限公司","","380"
"LY8716-PS007","2022/11/17","LY8716","面料","LY87特殊超柔軟厚質棉麻布","LY8716","碼","PS007","盟哲實業有限公司","","300"
"LY8715-PS007","2022/11/17","LY8715","面料","LY87特殊超柔軟厚質棉麻布","LY8715","碼","PS007","盟哲實業有限公司","","300"
"LY8712-PS007","2022/11/17","LY8712","面料","LY87特殊超柔軟厚質棉麻布","LY8712","碼","PS007","盟哲實業有限公司","","300"
"LY8711-PS007","2022/11/17","LY8711","面料","LY87特殊超柔軟厚質棉麻布","LY8711","碼","PS007","盟哲實業有限公司","","300"
"LY8709-PS007","2022/11/17","LY8709","面料","LY87特殊超柔軟厚質棉麻布","LY8709","碼","PS007","盟哲實業有限公司","","300"
"LY8708-PS007","2022/11/17","LY8708","面料","LY87特殊超柔軟厚質棉麻布","LY8708","碼","PS007","盟哲實業有限公司","","300"
"LY8707-PS007","2022/11/17","LY8707","面料","LY87特殊超柔軟厚質棉麻布","LY8707","碼","PS007","盟哲實業有限公司","","300"
"LY8706-PS007","2022/11/17","LY8706","面料","LY87特殊超柔軟厚質棉麻布","LY8706","碼","PS007","盟哲實業有限公司","","300"
"LY8705-PS007","2022/11/17","LY8705","面料","LY87特殊超柔軟厚質棉麻布","LY8705","碼","PS007","盟哲實業有限公司","","300"
"LY8704-PS007","2022/11/17","LY8704","面料","LY87特殊超柔軟厚質棉麻布","LY8704","碼","PS007","盟哲實業有限公司","","300"
"LY8702-PS007","2022/11/17","LY8702","面料","LY87特殊超柔軟厚質棉麻布","LY8702","碼","PS007","盟哲實業有限公司","","300"
"LY8701-PS007","2022/11/17","LY8701","面料","LY87特殊超柔軟厚質棉麻布","LY8701","碼","PS007","盟哲實業有限公司","","300"
"LY8713-PS007","2022/11/17","LY8713","面料","LY87特殊超柔軟厚質棉麻布","LY8713","碼","PS007","盟哲實業有限公司","","300"
"LY8703-PS007","2022/11/17","LY8703","面料","LY87特殊超柔軟厚質棉麻布","LY8703","碼","PS007","盟哲實業有限公司","","300"
"ABU800003-PS006","2022/11/11","ABU800003","面料","ABU 8000系列貓抓布","800003","碼","PS006","阿布實業有限公司","曾根倚(阿賢)","360"
"FG00190-26-PS003","2022/11/02","FG00190-26","面料","FG-00190 KRONOS","26-Griffin","碼","PS003","安得利設計藝術股份有限公司","簡國盛","540"
"ABU800009-PS006","2022/10/19","ABU800009","","ABU 8000系列貓抓布","800009","碼","PS006","阿布實業有限公司","曾根倚(阿賢)","360"
"MCA0008-PS004","2022/10/19","MCA0008","面料","1800A08","1800A08","碼","PS004","翰銓國際總代理","盧建良","720"
"JB-樹脂棉1英吋3尺-PS011","2022/09/13","JB-樹脂棉1英吋3尺","內品","樹脂棉 1英吋","2.5x3","碼","PS011","久保家具材料行","","22"
"VAN-袋裝獨立筒[小](40*43)1.3x1.4x8cm(∅20)-PS010","2022/09/13","VAN-袋裝獨立筒[小](40*43)1.3x1.4x8cm(∅20)","內品","8013-814","獨立筒(40*43)1.3x1.4x8cm(∅20)","捆","PS010","凡加利企業有限公司","陳國華","1350"
"VAN-袋裝獨立筒[大](40*61)1.3x20x8cm(∅20)-PS010","2022/09/13","VAN-袋裝獨立筒[大](40*61)1.3x20x8cm(∅20)","內品","8013-820","獨立筒(40*61)1.3x2.0x8cm(∅20)","捆","PS010","凡加利企業有限公司","陳國華","2250"
"TT-S彈簧2.0-PS013","2022/09/13","TT-S彈簧2.0","內品","S弓(4.0)","2.0","只","PS013","大同沙發材料有限公司","","7.6"
"TT-S彈簧1.8-PS013","2022/09/13","TT-S彈簧1.8","內品","S弓(A)","1.8","只","PS013","大同沙發材料有限公司","","6.8"
"TT-S彈簧頭-PS013","2022/09/13","TT-S彈簧頭","內品","S弓","ABS頭","只","PS013","大同沙發材料有限公司","","0.7"
"TT-S彈簧2.4-PS013","2022/09/13","TT-S彈簧2.4","內品","S弓(4.0)","2.4","只","PS013","大同沙發材料有限公司","","9.1"
"TT-S彈簧2.2-PS013","2022/09/13","TT-S彈簧2.2","內品","S弓(4.0)","2.2","只","PS013","大同沙發材料有限公司","","8.4"
"TT-S彈簧2.1-PS013","2022/09/13","TT-S彈簧2.1","內品","S弓(4.0)","2.1","只","PS013","大同沙發材料有限公司","","8"
"TT-S彈簧1.9-PS013","2022/09/13","TT-S彈簧1.9","內品","S弓(A)","1.9","只","PS013","大同沙發材料有限公司","","7.2"
"TT-頭枕五金-PS013","2022/09/13","TT-頭枕五金","五金","折鐵","183枕頭","對","PS013","大同沙發材料有限公司","","170"
"JB-奇力樹脂535-PS011","2022/09/13","JB-奇力樹脂535","內品","奇力樹脂(535)","","桶","PS011","久保家具材料行","","1490"
"JB-樹脂棉6分3尺-PS011","2022/09/13","JB-樹脂棉6分3尺","內品","樹脂棉 6分","3x3","碼","PS011","久保家具材料行","","20.5"
"JB-樹脂棉1英吋2尺半-PS011","2022/09/13","JB-樹脂棉1英吋2尺半","內品","樹脂棉 1英吋","2.5x2.5","碼","PS011","久保家具材料行","","22"
"JB-樹脂棉1英吋2尺-PS011","2022/09/13","JB-樹脂棉1英吋2尺","內品","樹脂棉 1英吋","6尺切3","碼","PS011","久保家具材料行","","22.5"
"JBA007-3H15-PS011","2022/09/06","JBA007-3H15","椅腳","A007-3 (原木色)圓形木腳","15cm","只","PS011","久保家具材料行","","55"
"JBA007-3H12-PS011","2022/09/06","JBA007-3H12","椅腳","A007-3 (原木色)圓形木腳","12cm","只","PS011","久保家具材料行","","55"
"JBA007-3H10-PS011","2022/09/06","JBA007-3H10","椅腳","A007-3 (深胡桃木色)圓形木腳","10cm","只","PS011","久保家具材料行","","55"
"JBA007-1H12-PS011","2022/09/06","JBA007-1H12","椅腳","A007-1 (原木色)圓型木腳","12cm","只","PS011","久保家具材料行","","55"
"JB724H13-PS011","2022/09/01","JB724H13","椅腳","724 噴黑砂 H13.2cm","13.2cm","只","PS011","久保家具材料行","","65"
"JBA109-PS011","2022/09/01","JBA109","椅腳","A109 (深胡桃色)方木腳","10cm","只","PS011","久保家具材料行","","1"
"VANB1507-PS010","2022/09/01","VANB1507","椅腳","B1507 啞黑錐腳","15cm","只","PS010","凡加利企業有限公司","陳國華","1"
"VANB1512-PS010","2022/09/01","VANB1512","椅腳","B1512 黑砂腳 H12cm","12cm","只","PS010","凡加利企業有限公司","陳國華","1"
"JBS012-PS011","2022/09/01","JBS012","椅腳","S-012 鋁腳H12cm","12cm","只","PS011","久保家具材料行","","1"
"VANB1014-1H4-PS010","2022/09/01","VANB1014-1H4","椅腳","B1014-1 φ50 黑砂調整腳","4cm","只","PS010","凡加利企業有限公司","陳國華","54"
"VANB2083(7401)-PS010","2022/09/01","VANB2083(7401)","五金","B2083 床墊氣壓桿150N","150N","只","PS010","凡加利企業有限公司","陳國華","60"
"JBD026-2-PS011","2022/09/01","JBD026","椅腳","D026 (深胡桃木色)L型木腳","深胡桃木色","只","PS011","久保家具材料行","","75"
"VANB4202-4-PS010","2022/09/01","VANB4202-4","五金","B4202-4 小平鉸帶反彈180~135度","180~135","對","PS010","凡加利企業有限公司","陳國華","336"
"JB308-2H8-PS011","2022/09/01","JB308-2WH8","椅腳","308-2 (深胡桃木色)方型木腳","8cm","只","PS011","久保家具材料行","","45"
"JB725H12-PS011","2022/09/01","JB725H12","椅腳","725 噴黑砂 圓7.6cm","12cm","只","PS011","久保家具材料行","","60"
"JB725H15-PS011","2022/09/01","JB725H15","椅腳","725 噴黑砂 圓7.6cm","15cm","只","PS011","久保家具材料行","","65"
"WX-AC2126-PS012","2022/09/01","WX-AC2126","家具","AC2126 艾拉茶几","120*60cm","只","PS012","溫馨家具","葉佐鴻","6500"
"WX-AJ713-PS012","2022/09/01","WX-AJ713","家具","AJ713 三井茶几","","只","PS012","溫馨家具","葉佐鴻","4100"
"VANK5705-PS010","2022/09/01","VANK5705","五金","K5705 興旺卍壽字","22.5x12.2cm","只","PS010","凡加利企業有限公司","陳國華","420"
"VANK5709-PS010","2022/09/01","VANK5709","五金","K5709 興旺ㄇ型關節","","只","PS010","凡加利企業有限公司","陳國華","72"
"VANB4179L60 仰臥椅架+底座-PS010","2022/09/01","VANB4179L60 仰臥椅架+底座","五金","B4179 仰臥椅架+底座","60cm","套","PS010","凡加利企業有限公司","陳國華","960"
"VANC3043H12-PS010","2022/09/01","VANC3043H12","椅腳","C3043 ∅38 黑平光調整腳","12cm","只","PS010","凡加利企業有限公司","陳國華","33"
"VANB2089-PS010","2022/09/01","VANB2089","五金","B2089 油壓上下撐桿","","對","PS010","凡加利企業有限公司","陳國華","180"
"VANB4005-PS010","2022/09/01","VANB4005","五金","B4005 沙發頭枕","","只","PS010","凡加利企業有限公司","陳國華","456"
"VAN5143-1H8-PS010","2022/09/01","VAN5143-1H8","椅腳","5143-1 ∅50 黑平光腳","8cm","只","PS010","凡加利企業有限公司","陳國華","59"
"VAN5143-1H10-PS010","2022/09/01","VAN5143-1H10","椅腳","5143-1 ∅50 黑平光腳","10cm","只","PS010","凡加利企業有限公司","陳國華","63"
"VANB2015-PS010","2022/09/01","VANB2015","五金","B2015 鋅合金四方形鐵片 8*8cm","8x8cm","只","PS010","凡加利企業有限公司","陳國華","480"
"VANB1859-2H15-PS010","2022/09/01","VANB1859-2H15","椅腳","B1859-2 菱形三叉黑漆腳","15cm","只","PS010","凡加利企業有限公司","陳國華","78"
"VAN6107H15-PS010","2022/09/01","VAN6107H15","椅腳","6107 圓形木腳","15cm","只","PS010","凡加利企業有限公司","陳國華","84"
"VANB1685-PS010","2022/09/01","VANB1685","椅腳","B1685 ∅50 塑膠圓腳","3cm","只","PS010","凡加利企業有限公司","陳國華","4"
"VAN5143-1H6-PS010","2022/09/01","VAN5143-1H6","椅腳","5143-1 ∅50 黑平光腳","6cm","只","PS010","凡加利企業有限公司","陳國華","57"
"VANB4150-5-N2-PS010","2022/09/01","VANB4150-5-N2","","B4150-5-N2 手動靠背前移 H-22.5cm","22.5cm","只","PS010","凡加利企業有限公司","陳國華","480"
"JB308-2H10-PS011","2022/09/01","JB308-2WH10","椅腳","308-2 (深胡桃木色)方型木腳","10cm","只","PS011","久保家具材料行","","45"
"JB308-2H12-PS011","2022/09/01","JB308-2WH12","椅腳","308-2 (深胡桃木色)方型木腳","12cm","只","PS011","久保家具材料行","","55"
"JBW008-PS011","2022/09/01","JBW008","椅腳","W008 方型木腳","12cm","只","PS011","久保家具材料行","","55"
"JBD026-1-PS011","2022/09/01","JBD026","椅腳","D026 (原木色) L型木腳","原木色","只","PS011","久保家具材料行","","75"
"JBA007H12-PS011","2022/09/01","JBA007H12","椅腳","A007 (深胡桃木色)圓型木腳","12cm","只","PS011","久保家具材料行","","55"
"VAN5143-1H12-PS010","2022/09/01","VAN5143-1H12","椅腳","5143-1 ∅50 黑平光腳","12cm","只","PS010","凡加利企業有限公司","陳國華","96"
"FG60213-10-PS003","2022/08/31","FG60213-10","面料","FG60213 HEARTLAND","10-Marble","碼","PS003","安得利設計藝術股份有限公司","簡國盛","585"
"FG60213-27-PS003","2022/08/31","FG60213-27","面料","FG60213 HEARTLAND","27-INK","碼","PS003","安得利設計藝術股份有限公司","簡國盛","585"
"FG60213-09-PS003","2022/08/31","FG60213-09","面料","FG60213 HEARTLAND","09-STERLING","碼","PS003","安得利設計藝術股份有限公司","簡國盛","585"
"FG60213-37-PS003","2022/08/31","FG60213-37","面料","FG60213 HEARTLAND","37-SUNFLOWER","碼","PS003","安得利設計藝術股份有限公司","簡國盛","585"
"FG60213-12-PS003","2022/08/31","FG60213-12","面料","FG60213 HEARTLAND","12-IVORY","碼","PS003","安得利設計藝術股份有限公司","簡國盛","585"
"FG00183-13-PS003","2022/08/31","FG00183-13","面料","FG00183 DYNAMO","13-SHALE","碼","PS003","安得利設計藝術股份有限公司","簡國盛","518"
"ABU800007-PS006","2022/08/15","ABU800007","面料","ABU 8000系列貓抓布","800007","碼","PS006","阿布實業有限公司","曾根倚(阿賢)","360"
"ABU800005-PS006","2022/08/15","ABU800005","面料","ABU 8000系列貓抓布","800005","碼","PS006","阿布實業有限公司","曾根倚(阿賢)","360"
"ABU300079-PS006","2022/08/01","ABU300079","面料","Microfibers — 3000系列貓抓布","300079","碼","PS006","阿布實業有限公司","曾根倚(阿賢)","730"
"ABU300004-PS006","2022/08/01","ABU300004","面料","Microfibers — 3000系列貓抓布","300004","碼","PS006","阿布實業有限公司","曾根倚(阿賢)","730"
"ABU800006-PS006","2022/08/01","ABU800006","面料","ABU 8000系列貓抓布","800006","碼","PS006","阿布實業有限公司","曾根倚(阿賢)","360"
"ABU800002-PS006","2022/08/01","ABU800002","面料","ABU 8000系列貓抓布","800002","碼","PS006","阿布實業有限公司","曾根倚(阿賢)","360"
"ABU800001-PS006","2022/08/01","ABU800001","","ABU 8000系列貓抓布","800001","碼","PS006","阿布實業有限公司","曾根倚(阿賢)","360"
"GC52217-PS005","2022/07/11","GC52217","面料","輕柔雲彩貓抓布-522系列","52217","碼","PS005","綠都傢飾有限公司","楊子毅","380"
"SC5631-PS009","2022/06/21","SC5631","面料","寵物皮2系列","5631 薄霧藍","碼","PS009","清豐實業有限公司","","210"
"SC51832-PS009","2022/06/21","SC51832","面料","518系列 台灣精品亞麻布","518-32 北海藍","碼","PS009","清豐實業有限公司","","225"
"SC51837-PS009","2022/06/21","SC51837","面料","518系列 台灣精品亞麻布","518-37 亞麻黑","碼","PS009","清豐實業有限公司","","225"
"SC5375-PS009","2022/06/21","SC5375","面料","寵物皮系列","5375 亞麻灰","碼","PS009","清豐實業有限公司","","210"
"SC5630-PS009","2022/06/21","SC5630","面料","寵物皮2系列","5630 煙波藍","碼","PS009","清豐實業有限公司","","210"
"SC5369-PS009","2022/06/21","SC5369","面料","寵物皮系列","5369 雪花灰","碼","PS009","清豐實業有限公司","","210"
"SC5371-PS009","2022/06/21","SC5371","面料","寵物皮系列","5371 胡桃色","碼","PS009","清豐實業有限公司","","210"
"SC5360-PS009","2022/06/21","SC5360","面料","寵物皮系列","5360 紫外光","","PS009","清豐實業有限公司","","210"
"SC65534-PS009","2022/06/21","SC65534","","655系列 莫蘭迪貓抓布","655-34 糖霜棕","","PS009","清豐實業有限公司","","380"
"SC65521-PS009","2022/06/21","","","65521","655-21 淡米色","","PS009","清豐實業有限公司","","380"
"FG00183-12-PS003","2021/12/13","FG00183-12","面料","FG00183 DYNAMO","FOG 12","碼","PS003","安得利設計藝術股份有限公司","簡國盛","518"
"FG00183-05-PS003","2021/12/13","FG00183-05","面料","FG00183 DYNAMO","05 Fungi","碼","PS003","安得利設計藝術股份有限公司","簡國盛","518"
"SC68062-PS009","2021/11/24","SC68062","面料","680-62","680-62","碼","PS009","清豐實業有限公司","","630"
"SC529-21-PS009","2021/11/17","SC529-21","面料","529系列 石墨烯涼感布","529-21 落月白","碼","PS009","清豐實業有限公司","","320"
"LY8714-PS007","2021/11/17","LY8714","面料","LY87特殊超柔軟厚質棉麻布","LY8714","碼","PS007","盟哲實業有限公司","","300"
"LY8710-PS007","2021/11/17","LY8710","面料","LY87特殊超柔軟厚質棉麻布","LY8710","碼","PS007","盟哲實業有限公司","","300"
"SC65693-PS009","2021/11/17","SC65693","面料","656系列 西班牙超級貓抓布","656-93 抹茶綠","碼","PS009","清豐實業有限公司","","380"
"GABBL519-PS014","2021/11/17","GABBL519","面料","BBL5 北歐輕絨貓抓布","BBL5-19","碼","PS014","尚慶實業有限公司","","300"
"GABBL512-PS014","2021/11/17","GABBL512","面料","BBL5 北歐輕絨貓抓布","BBL5-12","碼","PS014","尚慶實業有限公司","","300"
"GABBL503-PS014","2021/11/17","GABBL503","面料","BBL5 北歐輕絨貓抓布","BBL5-03","碼","PS014","尚慶實業有限公司","","300"
"GABBL502-PS014","2021/11/17","GABBL502","面料","BBL5 北歐輕絨貓抓布","BBL5-02","碼","PS014","尚慶實業有限公司","","300"
"SC52865-PS009","2021/11/17","SC52865","面料","528系列 冰絲涼感布","528-65 湖冰藍","碼","PS009","清豐實業有限公司","","320"
"SC52794-PS009","2021/11/17","SC52794","面料","527系列 天絲涼感布","527-94 青石灰","碼","PS009","清豐實業有限公司","","300"
"GABBL514-PS014","2021/11/17","GABBL514","面料","BBL5 北歐輕絨貓抓布","BBL5-14","碼","PS014","尚慶實業有限公司","","300"
"SC52863-PS009","2021/11/17","SC52863","面料","528系列 冰絲涼感布","528-63 冰川灰","碼","PS009","清豐實業有限公司","","320"
"SC52793-PS009","2021/11/17","SC52793","面料","527系列 天絲涼感布","527-93 水洗黑","碼","PS009","清豐實業有限公司","","300"
"SC52787-PS009","2021/11/17","SC52787","面料","527系列 天絲涼感布","527-87 櫻花粉","碼","PS009","清豐實業有限公司","","300"
"SC52795-PS009","2021/11/17","SC52795","面料","527系列 天絲涼感布","527-95 亞麻灰","碼","PS009","清豐實業有限公司","","300"
"SC52781-PS009","2021/11/17","SC52781","面料","527系列 天絲涼感布","527-81 白岩灰","碼","PS009","清豐實業有限公司","","300"
"SC52791-PS009","2021/11/17","SC52791","面料","527系列 天絲涼感布","527-91 漠砂色","碼","PS009","清豐實業有限公司","","300"
"SC5599-PS009","2021/11/17","SC5599","面料","舒適涼感貓抓皮 55耐刮系列","5599","碼","PS009","清豐實業有限公司","","240"
"SC52785-PS009","2021/11/17","SC52785","面料","527-85","527-85 牛仔藍","碼","PS009","清豐實業有限公司","","300"
"SC52789-PS009","2021/11/17","SC52789","面料","527-89","527-89 蜜瓜綠","碼","PS009","清豐實業有限公司","","300"
"SC65682-PS009","2021/11/17","SC65682","面料","656系列 西班牙超級貓抓布","656-82","碼","PS009","清豐實業有限公司","","380"
"SC65686-PS009","2021/11/17","SC65686","面料","656系列 西班牙超級貓抓布","656-86","碼","PS009","清豐實業有限公司","","380"
"SC65681-PS009","2021/11/17","SC65681","面料","656系列 西班牙超級貓抓布","656-81","碼","PS009","清豐實業有限公司","","380"
"SC65688-PS009","2021/11/17","SC65688","面料","656系列 西班牙超級貓抓布","656-88","碼","PS009","清豐實業有限公司","","380"
"SC52796-PS009","2021/11/17","SC52796","面料","527-96","527-96 藍調黑","碼","PS009","清豐實業有限公司","","300"
"SC52784-PS009","2021/11/17","SC52784","面料","527-84","527-84 北海藍","碼","PS009","清豐實業有限公司","","300"
"FG40200-15-PS003","2021/11/09","FG40200-15","面料","FG-40200 MELTON","15-Scuba","碼","PS003","安得利設計藝術股份有限公司","簡國盛","495"
"FG40200-06-PS003","2021/11/09","FG40200-06","面料","FG-40200 MELTON","06-Flax","碼","PS003","安得利設計藝術股份有限公司","簡國盛","495"
"FG40200-13-PS003","2021/11/09","FG40200-13","面料","FG-40200 MELTON","13-Feather","碼","PS003","安得利設計藝術股份有限公司","簡國盛","495"
"FG60190-22-PS003","2021/10/26","FG60190-22","面料","FG-60190 SMART","22-Pearl","碼","PS003","安得利設計藝術股份有限公司","簡國盛","540"
"FG60190-27-PS003","2021/10/26","FG60190-27","面料","FG-60190 SMART","27-Smoke","碼","PS003","安得利設計藝術股份有限公司","簡國盛","540"
"FG60190-15-PS003","2021/10/26","FG60190-15","面料","FG-60190 SMART","15-Aluminium","碼","PS003","安得利設計藝術股份有限公司","簡國盛","540"
"LY9110-PS007","2021/10/20","LY9110","面料","9110","9110","碼","PS007","盟哲實業有限公司","","380"
"LY9109-PS007","2021/10/20","LY9109","面料","9109","9109","碼","PS007","盟哲實業有限公司","","380"
"LY9108-PS007","2021/10/20","LY9108","面料","9108","9108","碼","PS007","盟哲實業有限公司","","380"
"LY9107-PS007","2021/10/20","LY9107","面料","9107","9107","碼","PS007","盟哲實業有限公司","","380"
"LY9106-PS007","2021/10/20","LY9106","面料","9106","9106","碼","PS007","盟哲實業有限公司","","380"
"LY9105-PS007","2021/10/20","LY9105","面料","9105","9105","碼","PS007","盟哲實業有限公司","","380"
"LY9104-PS007","2021/10/20","LY9104","面料","9104","9104","碼","PS007","盟哲實業有限公司","","380"
"LY9103-PS007","2021/10/20","LY9103","面料","9103","9103","碼","PS007","盟哲實業有限公司","","380"
"LY9102-PS007","2021/10/20","LY9102","面料","9102","9102","碼","PS007","盟哲實業有限公司","","380"
"LY9101-PS007","2021/10/20","LY9101","面料","9101","9101","碼","PS007","盟哲實業有限公司","","380"
"ABU1026A-210-PS006","2021/10/19","ABU1026A-210","面料","ABU1026A系列","1026A-210","碼","PS006","阿布實業有限公司","曾根倚(阿賢)","1"
"ABU1022-24-PS006","2021/10/19","ABU1022-24","面料","1022-24","1022-24","碼","PS006","阿布實業有限公司","曾根倚(阿賢)","360"
"MCB0005-PS004","2021/10/19","MCB0005","面料","2300A55","2300A55","碼","PS004","翰銓國際總代理","盧建良","920"
"ABU5604-PS006","2021/10/19","ABU5604","面料","5604","5604","碼","PS006","阿布實業有限公司","曾根倚(阿賢)","333"
"MCB0003-PS004","2021/10/19","MCB0003","面料","2300A53","2300A53","碼","PS004","翰銓國際總代理","盧建良","920"
"ABU-Soho601-PS006","2021/10/19","ABU-Soho601","面料","Symphonymills Soho機能型沙發布","601","碼","PS006","阿布實業有限公司","曾根倚(阿賢)","420"
"ABU-Soho700-PS006","2021/10/19","ABU-Soho700","面料","Symphonymills Soho機能型沙發布","700","碼","PS006","阿布實業有限公司","曾根倚(阿賢)","420"
"ABU5501-PS006","2021/10/19","ABU5501","面料","ABU 55系列 超耐磨亞麻布","5501","碼","PS006","阿布實業有限公司","曾根倚(阿賢)","280"
"ABU1016-27-PS006","2021/10/19","ABU1016-27","面料","1016-27","1016-27","碼","PS006","阿布實業有限公司","曾根倚(阿賢)","345"
"ABU1022-21-PS006","2021/10/19","ABU1022-21","面料","1022-21","1022-21","碼","PS006","阿布實業有限公司","曾根倚(阿賢)","360"
"ABU700044-PS006","2021/10/19","ABU700044","面料","Microfibers — 7000系列貓抓布","700044","碼","PS006","阿布實業有限公司","曾根倚(阿賢)","520"
"ABU5602-PS006","2021/10/19","ABU5602","面料","5602","5602","碼","PS006","阿布實業有限公司","曾根倚(阿賢)","333"
"ABU5603-PS006","2021/10/19","ABU5603","面料","5603","5603","碼","PS006","阿布實業有限公司","曾根倚(阿賢)","333"
"ABU-Malta601-PS006","2021/10/19","ABU-Malta601","面料","601","601","碼","PS006","阿布實業有限公司","曾根倚(阿賢)","420"
"ABU5605-PS006","2021/10/19","ABU5605","面料","5605","5605","碼","PS006","阿布實業有限公司","曾根倚(阿賢)","333"
"ABU5601-PS006","2021/10/19","ABU5601","面料","5601","5601","碼","PS006","阿布實業有限公司","曾根倚(阿賢)","333"
"ABU9919-PS006","2021/10/19","ABU9919","面料","9919","9919","碼","PS006","阿布實業有限公司","曾根倚(阿賢)","350"
"ABU1022-11-PS006","2021/10/19","ABU1022-11","面料","1022-11","1022-11","碼","PS006","阿布實業有限公司","曾根倚(阿賢)","360"
"ABU-Malta701-PS006","2021/10/19","ABU-Malta701","面料","701","701","碼","PS006","阿布實業有限公司","曾根倚(阿賢)","420"
"ABU-Malta905-PS006","2021/10/19","ABU-Malta905","面料","905","905","碼","PS006","阿布實業有限公司","曾根倚(阿賢)","420"
"ABU5612-PS006","2021/10/19","ABU5612","面料","5612","5612","碼","PS006","阿布實業有限公司","曾根倚(阿賢)","333"
"ABU5610-PS006","2021/10/19","ABU5610","面料","5610","5610","碼","PS006","阿布實業有限公司","曾根倚(阿賢)","333"
"MCA0068-PS004","2021/10/19","MCA0068","面料","1800A68","1800A68","碼","PS004","翰銓國際總代理","盧建良","720"
"ABU1022-23-PS006","2021/10/19","ABU1022-23","面料","1022-23","1022-23","碼","PS006","阿布實業有限公司","曾根倚(阿賢)","360"
"ABU1016-02-PS006","2021/10/19","ABU1016-02","面料","1016-02","1016-02","碼","PS006","阿布實業有限公司","曾根倚(阿賢)","345"
"MCA0067-PS004","2021/10/19","MCA0067","面料","1800A67","1800A67","碼","PS004","翰銓國際總代理","盧建良","720"
"MCA0063-PS004","2021/10/19","MCA0063","面料","1800A63","1800A63","碼","PS004","翰銓國際總代理","盧建良","720"
"MCA0065-PS004","2021/10/19","MCA0065","面料","1800A65","1800A65","碼","PS004","翰銓國際總代理","盧建良","720"
"ABU1023-33-PS006","2021/10/19","ABU1023-33","面料","1023-33","1023-33","碼","PS006","阿布實業有限公司","曾根倚(阿賢)","350"
"MCA0062-PS004","2021/10/19","MCA0062","面料","1800A62","1800A62","碼","PS004","翰銓國際總代理","盧建良","720"
"MCB0007-PS004","2021/10/19","MCB0007","面料","2300A57","2300A57","碼","PS004","翰銓國際總代理","盧建良","920"
"LY7813-PS007","2021/10/19","LY7813","面料","7813","7813","碼","PS007","盟哲實業有限公司","","380"
"LY7812-PS007","2021/10/19","LY7812","面料","7812","7812","碼","PS007","盟哲實業有限公司","","380"
"LY7811-PS007","2021/10/19","LY7811","面料","7811","7811","碼","PS007","盟哲實業有限公司","","380"
"LY7810-PS007","2021/10/19","LY7810","面料","7810","7810","碼","PS007","盟哲實業有限公司","","380"
"LY7809-PS007","2021/10/19","LY7809","面料","7809","7809","碼","PS007","盟哲實業有限公司","","380"
"LY7808-PS007","2021/10/19","LY7808","面料","7808","7808","碼","PS007","盟哲實業有限公司","","380"
"LY7807-PS007","2021/10/19","LY7807","面料","7807","7807","碼","PS007","盟哲實業有限公司","","380"
"LY7806-PS007","2021/10/19","LY7806","面料","7806","7806","碼","PS007","盟哲實業有限公司","","380"
"LY7805-PS007","2021/10/19","LY7805","面料","7805","7805","碼","PS007","盟哲實業有限公司","","380"
"LY7804-PS007","2021/10/19","LY7804","面料","7804","7804","碼","PS007","盟哲實業有限公司","","380"
"LY7803-PS007","2021/10/19","LY7803","面料","7803","7803","碼","PS007","盟哲實業有限公司","","380"
"LY7802-PS007","2021/10/19","LY7802","面料","7802","7802","碼","PS007","盟哲實業有限公司","","380"
"LY7801-PS007","2021/10/19","LY7801","面料","7801","7801","碼","PS007","盟哲實業有限公司","","380"
"LY7624-PS007","2021/10/19","","面料","7624","7624","碼","PS007","盟哲實業有限公司","","300"
"LY7623-PS007","2021/10/19","","面料","7623","7623","碼","PS007","盟哲實業有限公司","","300"
"LY7622-PS007","2021/10/19","","面料","7622","7622","碼","PS007","盟哲實業有限公司","","300"
"LY7621-PS007","2021/10/19","","面料","7621","7621","碼","PS007","盟哲實業有限公司","","300"
"LY7612-PS007","2021/10/19","LY7612","面料","7612","7612","碼","PS007","盟哲實業有限公司","","300"
"LY7611-PS007","2021/10/19","LY7611","面料","7611","7611","碼","PS007","盟哲實業有限公司","","300"
"LY7610-PS007","2021/10/19","LY7610","面料","7610","7610","碼","PS007","盟哲實業有限公司","","300"
"LY7609-PS007","2021/10/19","LY7609","面料","7609","7609","碼","PS007","盟哲實業有限公司","","300"
"LY7608-PS007","2021/10/19","LY7608","面料","7608","7608","碼","PS007","盟哲實業有限公司","","300"
"LY7607-PS007","2021/10/19","LY7607","面料","7607","7607","碼","PS007","盟哲實業有限公司","","300"
"LY7606-PS007","2021/10/19","LY7606","面料","7606","7606","碼","PS007","盟哲實業有限公司","","300"
"LY7605-PS007","2021/10/19","LY7605","面料","7605","7605","碼","PS007","盟哲實業有限公司","","300"
"LY7604-PS007","2021/10/19","LY7604","面料","7604","7604","碼","PS007","盟哲實業有限公司","","300"
"LY7603-PS007","2021/10/19","LY7603","面料","7603","7603","碼","PS007","盟哲實業有限公司","","300"
"LY7602-PS007","2021/10/19","LY7602","面料","7602","7602","碼","PS007","盟哲實業有限公司","","300"
"LY7601-PS007","2021/10/19","LY7601","面料","7601","7601","碼","PS007","盟哲實業有限公司","","300"
"LY3139-7-PS007","2021/10/19","LY3139-7","面料","3139-7","3139-7","碼","PS007","盟哲實業有限公司","","250"
"LY3139-6-PS007","2021/10/19","LY3139-6","面料","3139-6","3139-6","碼","PS007","盟哲實業有限公司","","250"
"LY3139-5-PS007","2021/10/19","LY3139-5","面料","3139-5","3139-5","碼","PS007","盟哲實業有限公司","","250"
"LY3139-4-PS007","2021/10/19","LY3139-4","面料","3139-4","3139-4","碼","PS007","盟哲實業有限公司","","250"
"LY3139-3-PS007","2021/10/19","LY3139-3","面料","3139-3","3139-3","碼","PS007","盟哲實業有限公司","","250"
"LY3139-2-PS007","2021/10/19","LY3139-2","面料","3139-2","3139-2","碼","PS007","盟哲實業有限公司","","250"
"LY3139-11-PS007","2021/10/19","LY3139-11","面料","3139-11","3139-11","碼","PS007","盟哲實業有限公司","","250"
"LY3139-10-PS007","2021/10/19","LY3139-10","面料","3139-10","3139-10","碼","PS007","盟哲實業有限公司","","250"
"LY3139-1-PS007","2021/10/19","LY3139-1","面料","3139-1","3139-1","碼","PS007","盟哲實業有限公司","","250"
"LY3168-1-PS007","2021/10/19","LY3168-1","面料","3168-1","3168-1","碼","PS007","盟哲實業有限公司","","300"
"LY3139-9-PS007","2021/10/19","LY3139-9","面料","3139-8","3139-8","碼","PS007","盟哲實業有限公司","","250"
"LY3139-8-PS007","2021/10/19","LY3139-8","面料","3139-8","3139-8","碼","PS007","盟哲實業有限公司","","250"
"P00032-PS007","2021/10/19","LY7802","面料","7802","7802","碼","PS007","盟哲實業有限公司","","380"
"MCB0004-PS004","2021/10/19","MCB0004","面料","2300A54","2300A54","碼","PS004","翰銓國際總代理","盧建良","920"
"GC52206-PS005","2021/10/18","GC52206","面料","522系列 輕柔雲彩貓抓布","52206","碼","PS005","綠都傢飾有限公司","楊子毅","380"
"GC52204-PS005","2021/10/18","GC52204","面料","輕柔雲彩貓抓布-522系列","52204","碼","PS005","綠都傢飾有限公司","楊子毅","380"
"GC50503-PS005","2021/10/18","GC50503","面料","505輕柔貓抓布","50503","碼","PS005","綠都傢飾有限公司","楊子毅","380"
"GC50504-PS005","2021/10/18","GC50504","面料","505輕柔貓抓布","50504","碼","PS005","綠都傢飾有限公司","楊子毅","380"
"GC50501-PS005","2021/10/18","GC50501","面料","505輕柔貓抓布","50501","碼","PS005","綠都傢飾有限公司","楊子毅","380"
"GC50509-PS005","2021/10/18","GC50509","面料","505輕柔貓抓布","50509","碼","PS005","綠都傢飾有限公司","楊子毅","380"
"GC50519-PS005","2021/10/18","GC50519","面料","505輕柔貓抓布","50519","碼","PS005","綠都傢飾有限公司","楊子毅","380"
"GC39902-PS005","2021/10/18","GC39902","面料","399涼感布","399-02","碼","PS005","綠都傢飾有限公司","楊子毅","250"
"-PS005","2021/10/18","","面料","599涼感布","599-19","碼","PS005","綠都傢飾有限公司","楊子毅","260"
"GC30203-PS005","2021/10/18","GC30203","面料","302細亞麻布","30203","碼","PS005","綠都傢飾有限公司","楊子毅","342"
"GC50507-PS005","2021/10/18","GC50507","面料","505輕柔貓抓布","50507","碼","PS005","綠都傢飾有限公司","楊子毅","380"
"GC50517-PS005","2021/10/18","GC50517","面料","505輕柔貓抓布","50517","碼","PS005","綠都傢飾有限公司","楊子毅","380"
"GC30219-PS005","2021/10/18","GC30219","面料","302細亞麻布","30219","碼","PS005","綠都傢飾有限公司","楊子毅","342"
"GC30246-PS005","2021/10/18","GC30246","面料","302細亞麻布","30246","碼","PS005","綠都傢飾有限公司","楊子毅","342"
"GC30216-PS005","2021/10/18","GC30216","面料","302細亞麻布","30216","碼","PS005","綠都傢飾有限公司","楊子毅","342"
"GC59919-PS005","2021/10/18","GC59919","面料","599涼感布","599-19","碼","PS005","綠都傢飾有限公司","楊子毅","260"
"GC50510-PS005","2021/10/18","GC50510","面料","505輕柔貓抓布","50510","碼","PS005","綠都傢飾有限公司","楊子毅","380"
"GC50506-PS005","2021/10/18","GC50506","面料","505輕柔貓抓布","50506","碼","PS005","綠都傢飾有限公司","楊子毅","380"
"GC50529-PS005","2021/10/18","GC50529","面料","505輕柔貓抓布","50529","碼","PS005","綠都傢飾有限公司","楊子毅","380"
"I0001-PS004","2021/10/15","I0001","面料","3900A91","3900A91","碼","PS004","翰銓國際總代理","盧建良","1560"
"FG00180-11-PS003","2021/10/15","FG00180-11","面料","FG-00180 BRAVEHEART","11-Charcoal","碼","PS003","安得利設計藝術股份有限公司","簡國盛","540"
"MCC0015-PS004","2021/10/15","MCC0015","面料","3200A37","3200A37","碼","PS004","翰銓國際總代理","盧建良","1280"
"MCC0014-PS004","2021/10/15","MCC0014","面料","3200A35","3200A35","碼","PS004","翰銓國際總代理","盧建良","1280"
"MCC0010-PS004","2021/10/15","MCC0010","面料","3200A31","3200A31","碼","PS004","翰銓國際總代理","盧建良","1280"
"FG00180-06-PS003","2021/10/15","FG00180-06","面料","FG-00180 BRAVEHEART","06-Pigeon","碼","PS003","安得利設計藝術股份有限公司","簡國盛","540"
"FG40200-07-PS003","2021/10/15","FG40200-07","面料","FG-40200 MELTON","07-Sand","碼","PS003","安得利設計藝術股份有限公司","簡國盛","495"
"FG60205-19-PS003","2021/10/15","FG60205-19","面料","FG-60205 VELVO","19-Feather","碼","PS003","安得利設計藝術股份有限公司","簡國盛","585"
"FG60205-25-PS003","2021/10/15","FG60205-25","面料","FG-60205 VELVO","25-Smoke","碼","PS003","安得利設計藝術股份有限公司","簡國盛","585"
"MCA0005-PS004","2021/10/15","MCA0005","面料","1800A05","1800A05","碼","PS004","翰銓國際總代理","盧建良","720"
"MCA0012-PS004","2021/10/15","MCA0012","面料","1800A12","1800A12","碼","PS004","翰銓國際總代理","盧建良","720"
"FG-60205-21-PS003","2021/10/15","FG-60205-21","面料","FG-60205 VELVO","21-Marble","碼","PS003","安得利設計藝術股份有限公司","簡國盛","585"
"FG-60205-13-PS003","2021/10/15","FG-60205-13","面料","FG-60205 VELVO","13-Sky","碼","PS003","安得利設計藝術股份有限公司","簡國盛","585"
"MCA0011-PS004","2021/10/15","MCA0011","面料","1800A11","1800A11","碼","PS004","翰銓國際總代理","盧建良","720"
"MCC0008-PS004","2021/10/15","MCC0008","面料","3200A28","3200A28","碼","PS004","翰銓國際總代理","盧建良","1280"
"MCC0003-PS004","2021/10/15","MCC0003","面料","3200A23","3200A23","碼","PS004","翰銓國際總代理","盧建良","1280"
"MCC0005-PS004","2021/10/15","MCC0005","面料","3200A25","3200A25","碼","PS004","翰銓國際總代理","盧建良","1280"
"FG00190-24-PS003","2021/10/15","FG00190-24","面料","FG-00190 KRONOS","24-Elephant","碼","PS003","安得利設計藝術股份有限公司","簡國盛","540"
"FG40181-08-PS003","2021/10/15","FG40181-08","面料","FG-40181 LEGACY","08-SUNFLOWER","碼","PS003","安得利設計藝術股份有限公司","簡國盛","518"
"FG00190-04-PS003","2021/10/15","FG00190-04","面料","FG-00190 KRONOS","04-Scuba","碼","PS003","安得利設計藝術股份有限公司","簡國盛","540"
"MCA0017-PS004","2021/10/15","MCA0017","面料","1800A17","1800A17","碼","PS004","翰銓國際總代理","盧建良","720"
"MCA0001-PS004","2021/10/15","MCA0001","面料","1800A01","1800A01","碼","PS004","翰銓國際總代理","盧建良","720"
"MCA0016-PS004","2021/10/15","MCA0016","面料","1800A16","1800A16","碼","PS004","翰銓國際總代理","盧建良","720"
"FG40200-23-PS003","2021/10/15","FG40200-23","面料","FG-40200 MELTON","23-Sienna","碼","PS003","安得利設計藝術股份有限公司","簡國盛","495"
"MCC0012-PS0004","2021/10/15","MCC0012","面料","3200A33","3200A33","碼","PS004","翰銓國際總代理","盧建良","1280"
"MAC0002-PS0004","2021/10/15","MCC0002","面料","3200A22","3200A22","碼","PS004","翰銓國際總代理","盧建良","1280"
"MCA0018-PS0004","2021/10/15","MCA0018","面料","1800A18","1800A18","碼","PS004","翰銓國際總代理","盧建良","720"
"MCB0001-PS004","2021/10/15","MCB0001","面料","2300A51","2300A51","碼","PS004","翰銓國際總代理","盧建良","920"
"MCC0016-PS004","2021/10/15","MCC0016","面料","3200A38","3200A38","碼","PS004","翰銓國際總代理","盧建良","1280"
"MCC0001-PS004","2021/10/15","MCC0001","面料","3200A21","3200A21","碼","PS004","翰銓國際總代理","盧建良","1280"
"MCA0004-PS0004","2021/10/15","MCA0004","面料","1800A04","1800A04","碼","PS004","翰銓國際總代理","盧建良","720"
"MCA0002-PS0004","2021/10/15","MCA0002","面料","1800A02","1800A02","碼","PS004","翰銓國際總代理","盧建良","720"
"MCA0015-PS0004","2021/10/15","MCA0015","面料","1800A15","1800A15","碼","PS004","翰銓國際總代理","盧建良","720"
"MCA0003-PS0004","2021/10/15","MCA0003","面料","1800A03","1800A03","碼","PS004","翰銓國際總代理","盧建良","720"
"FG40181-09-PS003","2021/10/15","FG40181-09","面料","FG-40181 LEGACY","09-Spice","","PS003","安得利設計藝術股份有限公司","簡國盛","518"
"FG00180-08-PS003","2021/10/15","FG00180-08","面料","FG-00180 BRAVEHEART","08-Silver","碼","PS003","安得利設計藝術股份有限公司","簡國盛","540"
